ID,Plant,Source,Inoc,Rep,g_180317,g_180511,g_180516,g_180523,g_180530,g_180605,harvested_extra,surv_180619,surv_180626,surv_180713,Harvest,blw.wet,blw.sub,abv,blw.dry,newGerm,Notes
1,ARTR,ARTR,Live,1,2,6,1,1,1,1,,1,1,1,13-Aug-18,0.69,0.61,0.0595,0.0904,,
2,ARTR,POSE,Live,1,1,4,0,0,0,0,,0,0,0,13-Aug-18,,,,,,
3,ARTR,HECO,Live,1,1,4,4,4,4,4,3,1,1,1,13-Aug-18,,1.37,0.1434,0.1023,,
4,ARTR,PSSP,Live,1,2,7,1,0,0,0,,0,0,0,13-Aug-18,,,,,,
5,ARTR,BARE,Live,1,3,5,0,0,0,0,,0,0,0,13-Aug-18,,,,,,
6,ARTR,ARTR,Sterile,1,1,2,1,2,2,2,1,1,1,1,13-Aug-18,1.32,1.02,0.0982,0.1396,,
7,ARTR,POSE,Sterile,1,1,4,3,3,3,3,2,1,1,1,13-Aug-18,4.19,3.93,0.394,0.5328,,
8,ARTR,HECO,Sterile,1,1,2,0,0,0,0,,0,0,1,13-Aug-18,0.12,0.05,0.0093,0.0116,1,180713 new germ?
9,ARTR,PSSP,Sterile,1,1,3,2,4,4,4,3,1,1,1,13-Aug-18,4.55,4.34,0.2962,0.5793,,
10,ARTR,BARE,Sterile,1,0,3,3,3,3,3,2,1,1,1,13-Aug-18,3.15,3.08,0.2484,0.4223,,
11,POSE,ARTR,Live,1,0,0,0,3,3,3,2,1,1,1,23-Jul-18,1.35,1.28,0.0742,0.2219,,
12,POSE,POSE,Live,1,0,0,1,2,3,3,2,1,1,1,13-Aug-18,1.6,1.4,0.0388,0.1911,,
13,POSE,HECO,Live,1,0,1,3,5,4,4,5,1,1,1,13-Aug-18,3.71,3.6,0.1023,0.9306,,
14,POSE,PSSP,Live,1,0,0,0,1,2,2,1,1,1,1,13-Aug-18,0.81,0.68,0.0512,0.0627,,
15,POSE,BARE,Live,1,0,0,1,2,3,3,2,1,1,1,13-Aug-18,1.38,1.3,0.066,0.1678,,
16,POSE,ARTR,Sterile,1,0,0,0,3,3,3,2,1,1,1,13-Aug-18,2.48,2.34,0.1131,0.2935,,
17,POSE,POSE,Sterile,1,0,0,0,2,4,4,3,1,1,1,31-Jul-18,0.34,,0.0077,0.0384,,
18,POSE,HECO,Sterile,1,0,0,0,1,3,3,2,1,1,1,13-Aug-18,1.14,1.02,0.0372,0.1479,,
19,POSE,PSSP,Sterile,1,0,0,1,2,4,4,3,1,1,1,13-Aug-18,1.34,1.22,0.0697,0.2233,,
20,POSE,BARE,Sterile,1,0,0,1,4,4,4,4,1,1,1,13-Aug-18,1.16,1.13,0.0532,0.1484,,
21,HECO,ARTR,Live,1,0,0,1,1,1,1,,1,1,1,13-Aug-18,5.15,4.67,0.4123,0.6711,,
22,HECO,POSE,Live,1,0,0,0,0,0,0,,0,0,1,13-Aug-18,0.12,,0.0067,0.0099,1,180713 new germ?
23,HECO,HECO,Live,1,0,0,0,0,0,0,,0,0,0,,,,,,,
24,HECO,PSSP,Live,1,0,0,0,0,0,0,,0,0,0,,,,,,,
25,HECO,BARE,Live,1,0,0,0,0,1,1,,1,1,1,13-Aug-18,3.61,3.41,0.2975,0.6215,,
26,HECO,ARTR,Sterile,1,0,0,0,0,0,0,,0,0,0,,,,,,,
27,HECO,POSE,Sterile,1,0,0,0,0,0,0,,0,0,0,,,,,,,
28,HECO,HECO,Sterile,1,0,0,0,0,0,0,,0,0,0,,,,,,,
29,HECO,PSSP,Sterile,1,0,0,0,0,0,0,,0,0,1,13-Aug-18,0.11,,0.0069,0.0107,1,180713 new germ?
30,HECO,BARE,Sterile,1,0,0,0,0,0,0,,0,0,0,,,,,,,
31,PSSP,ARTR,Live,1,0,0,3,4,4,4,3,1,1,1,13-Aug-18,6.72,6.4,0.3684,1.7451,,
32,PSSP,POSE,Live,1,0,1,4,4,4,4,3,1,1,1,13-Aug-18,4.64,4.49,0.3199,0.7496,,
33,PSSP,HECO,Live,1,0,1,4,4,4,4,3,1,1,1,13-Aug-18,8.11,8,0.5708,1.4087,,
34,PSSP,PSSP,Live,1,0,0,5,5,5,5,4,1,1,1,13-Aug-18,5.05,5.01,0.2611,0.9713,,
35,PSSP,BARE,Live,1,0,1,3,4,5,5,4,1,1,1,13-Aug-18,6.44,6.19,0.2572,1.272,,
36,PSSP,ARTR,Sterile,1,0,0,0,3,5,5,4,1,1,1,13-Aug-18,3.72,3.39,0.0917,0.5716,,
37,PSSP,POSE,Sterile,1,0,0,3,4,5,5,6,1,1,1,13-Aug-18,4.68,4.44,0.1951,0.9388,,
38,PSSP,HECO,Sterile,1,0,0,2,4,5,5,3,1,1,1,13-Aug-18,8.31,8.23,0.3725,2.4887,,
39,PSSP,PSSP,Sterile,1,0,0,4,4,5,5,4,1,1,1,13-Aug-18,8.3,8.26,0.2843,2.4123,,
40,PSSP,BARE,Sterile,1,0,1,3,3,4,4,3,1,1,1,13-Aug-18,11.16,10.48,0.4543,2.5357,,
41,ARTR,ARTR,Live,2,1,1,1,1,1,1,,1,1,1,13-Aug-18,3.96,3.71,0.2916,0.4942,,
42,ARTR,POSE,Live,2,0,1,1,1,1,1,,1,1,1,13-Aug-18,3.43,3.01,0.2253,0.5932,,
43,ARTR,HECO,Live,2,0,1,0,0,1,1,,1,1,1,13-Aug-18,1.46,1.4,0.0881,0.1543,,
44,ARTR,PSSP,Live,2,1,2,1,0,0,0,,1,1,1,13-Aug-18,0.36,0.21,0.0386,0.0366,,
45,ARTR,BARE,Live,2,0,0,0,0,0,1,,1,1,1,13-Aug-18,2.55,2.34,0.2824,0.3685,,
46,ARTR,ARTR,Sterile,2,0,0,0,0,0,0,,1,1,1,13-Aug-18,0.54,0.39,0.1179,0.0465,,
47,ARTR,POSE,Sterile,2,1,0,0,0,0,1,,1,1,1,13-Aug-18,0.27,0.2,0.0404,0.0317,,
48,ARTR,HECO,Sterile,2,3,4,1,1,1,1,,1,1,1,13-Aug-18,1.77,1.54,0.1819,0.2239,,
49,ARTR,PSSP,Sterile,2,0,0,0,1,2,2,1,1,1,1,13-Aug-18,1.02,0.89,0.1205,0.1166,,
50,ARTR,BARE,Sterile,2,0,1,4,3,3,3,2,1,1,1,13-Aug-18,1,0.9,0.1304,0.1172,,
51,POSE,ARTR,Live,2,0,0,0,4,5,5,4,1,1,1,13-Aug-18,2.34,1.94,0.0683,0.2973,,
52,POSE,POSE,Live,2,0,0,4,1,2,2,1,1,1,1,13-Aug-18,0.61,0.49,0.0333,0.0861,,
53,POSE,HECO,Live,2,0,0,4,0,2,2,1,1,1,1,13-Aug-18,2.13,1.86,0.0838,0.8606,,
54,POSE,PSSP,Live,2,0,0,1,1,4,4,3,1,1,1,13-Aug-18,,3.37,0.0818,0.3338,,
55,POSE,BARE,Live,2,0,0,0,0,0,0,,0,0,0,,,,,,,
56,POSE,ARTR,Sterile,2,0,0,0,1,3,5,4,1,1,1,13-Aug-18,1.22,1.09,0.0491,0.152,,
57,POSE,POSE,Sterile,2,0,1,1,1,4,4,3,1,1,1,31-Jul-18,1.54,1.45,0.0624,0.2716,,
58,POSE,HECO,Sterile,2,0,1,1,3,4,5,4,1,1,1,13-Aug-18,4.09,3.89,0.1517,0.714,,
59,POSE,PSSP,Sterile,2,0,0,0,0,4,4,3,1,1,1,13-Aug-18,3.51,3.23,0.1863,0.4506,,
60,POSE,BARE,Sterile,2,0,0,0,0,4,4,3,1,1,1,13-Aug-18,1.29,1.08,0.0438,0.1309,,
61,HECO,ARTR,Live,2,0,0,0,0,0,0,,0,0,0,,,,,,,
62,HECO,POSE,Live,2,0,1,1,1,1,1,,1,1,1,13-Aug-18,3.86,3.67,0.3423,0.5798,,
63,HECO,HECO,Live,2,0,1,0,1,1,1,,1,1,1,13-Aug-18,2.96,2.74,0.2208,0.3815,,
64,HECO,PSSP,Live,2,0,0,1,1,1,1,,1,1,1,13-Aug-18,4.19,3.96,0.5054,0.5997,,orange stuff on paper towel
65,HECO,BARE,Live,2,0,0,0,0,0,0,,1,1,1,,,,,,,
66,HECO,ARTR,Sterile,2,0,0,0,0,0,0,,1,1,1,,,,,,,
67,HECO,POSE,Sterile,2,0,0,0,0,0,0,,1,1,1,,,,,,,
68,HECO,HECO,Sterile,2,0,0,0,0,0,0,,1,1,1,,,,,,,
69,HECO,PSSP,Sterile,2,0,0,0,0,0,0,,1,1,1,,,,,,,
70,HECO,BARE,Sterile,2,0,0,0,0,0,0,,1,1,1,,,,,,,weird orange crust on surface of soil
71,PSSP,ARTR,Live,2,0,1,5,5,4,4,3,1,1,1,13-Aug-18,2.69,2.51,0.2532,0.4607,,
72,PSSP,POSE,Live,2,0,0,4,4,4,4,3,1,1,1,13-Aug-18,5.16,4.97,0.291,0.7388,,
73,PSSP,HECO,Live,2,0,0,1,1,2,2,1,1,1,1,13-Aug-18,6.04,5.84,0.5223,1.0922,,
74,PSSP,PSSP,Live,2,0,0,3,3,4,4,3,1,1,1,13-Aug-18,3.8,3.78,0.24,0.6853,,
75,PSSP,BARE,Live,2,0,1,2,5,4,5,4,1,1,1,13-Aug-18,3.81,3.49,0.3425,0.5909,,
76,PSSP,ARTR,Sterile,2,0,0,3,3,4,5,4,1,1,1,13-Aug-18,3.86,3.7,0.1789,0.9354,,
77,PSSP,POSE,Sterile,2,0,0,2,2,2,2,1,1,1,1,13-Aug-18,6.55,6.41,0.2993,1.6526,,
78,PSSP,HECO,Sterile,2,0,0,2,3,4,4,3,1,1,1,13-Aug-18,2.89,2.79,0.2289,0.5408,,
79,PSSP,PSSP,Sterile,2,0,0,1,2,4,3,2,1,1,1,13-Aug-18,3.55,3.29,0.1491,0.552,,white mold in paper towel
80,PSSP,BARE,Sterile,2,0,0,0,2,4,4,3,1,1,1,13-Aug-18,4.27,4,0.2117,0.6502,,
81,ARTR,ARTR,Live,3,0,0,0,0,2,2,1,1,1,1,13-Aug-18,1.43,1.14,0.0874,0.1225,,
82,ARTR,POSE,Live,3,1,2,0,0,0,0,,0,0,0,,,,,,,
83,ARTR,HECO,Live,3,0,2,1,1,1,1,,1,1,1,13-Aug-18,3.09,2.84,0.225,0.4844,,
84,ARTR,PSSP,Live,3,1,3,1,3,3,3,2,1,1,1,13-Aug-18,1.9,1.88,0.257,0.1861,,180713 leaf droopy despite watering
85,ARTR,BARE,Live,3,2,1,0,0,0,0,,0,0,0,,,,,,,
86,ARTR,ARTR,Sterile,3,0,1,1,1,1,1,,1,1,1,13-Aug-18,1.65,1.39,0.117,0.1952,,180713 leaf droopy despite watering
87,ARTR,POSE,Sterile,3,2,3,3,3,2,3,2,1,1,1,13-Aug-18,3.08,3.11,0.2418,0.4702,,180713 leaf droopy despite watering
88,ARTR,HECO,Sterile,3,1,0,0,1,1,1,,1,1,1,13-Aug-18,0.95,0.77,0.1512,0.1171,,
89,ARTR,PSSP,Sterile,3,3,6,5,5,5,5,4,1,1,1,13-Aug-18,2.07,1.82,0.1366,0.2712,,
90,ARTR,BARE,Sterile,3,1,3,1,1,1,1,,1,1,1,13-Aug-18,2.08,1.92,0.2184,0.2667,,180713 leaf droopy despite watering
91,POSE,ARTR,Live,3,0,0,0,0,3,3,2,1,1,1,31-Jul-18,1.31,1.21,0.0307,0.1895,,
92,POSE,POSE,Live,3,0,0,0,2,4,4,3,1,1,1,13-Aug-18,0.83,0.69,0.0382,0.1021,,
93,POSE,HECO,Live,3,0,0,0,3,4,4,3,1,1,1,13-Aug-18,0.22,0.17,0.0116,0.0249,,
94,POSE,PSSP,Live,3,0,0,0,3,4,6,5,1,1,1,13-Aug-18,1.18,1.06,0.0629,0.1766,,
95,POSE,BARE,Live,3,0,0,0,4,5,5,4,1,1,1,13-Aug-18,1.28,1.25,0.0721,0.1558,,
96,POSE,ARTR,Sterile,3,0,0,0,1,2,2,1,1,1,1,13-Aug-18,1.91,1.64,0.0591,0.2733,,
97,POSE,POSE,Sterile,3,0,0,0,1,4,5,4,1,1,1,13-Aug-18,1.7,1.51,0.0633,0.2802,,
98,POSE,HECO,Sterile,3,0,0,0,1,4,4,3,1,1,1,13-Aug-18,1.82,1.81,0.1108,0.2703,,
99,POSE,PSSP,Sterile,3,0,0,0,2,3,4,3,1,1,1,13-Aug-18,0.63,0.57,0.0392,0.1012,,
100,POSE,BARE,Sterile,3,0,0,0,1,4,4,3,1,1,1,13-Aug-18,0.45,0.31,0.0191,0.0502,,
101,HECO,ARTR,Live,3,0,2,2,2,2,2,1,1,1,1,14-Aug-18,4.05,4,0.3967,0.5811,,
102,HECO,POSE,Live,3,0,0,1,1,1,1,,1,1,1,14-Aug-18,3.96,3.69,0.416,0.4994,,
103,HECO,HECO,Live,3,0,0,0,1,1,1,,1,1,1,14-Aug-18,3.13,2.98,0.2951,0.3782,,black mold on paper towel
104,HECO,PSSP,Live,3,0,0,0,0,1,1,,1,1,1,14-Aug-18,4.81,4.72,0.3187,0.8346,,
105,HECO,BARE,Live,3,0,0,0,0,1,1,,1,1,1,14-Aug-18,1.95,1.88,0.1466,0.26,,
106,HECO,ARTR,Sterile,3,0,0,0,1,1,1,,1,1,1,14-Aug-18,1.61,1.65,0.1935,0.3424,,
107,HECO,POSE,Sterile,3,0,0,0,0,0,0,,0,0,1,14-Aug-18,0.28,0.2,0.0317,0.0338,1,180713 new germ?
108,HECO,HECO,Sterile,3,0,0,0,0,0,0,,0,0,0,,,,,,,
109,HECO,PSSP,Sterile,3,0,0,0,1,1,1,,1,1,1,14-Aug-18,3.31,3.3,0.3565,0.5555,,
110,HECO,BARE,Sterile,3,0,0,0,0,0,0,,0,0,0,,,,,,,
111,PSSP,ARTR,Live,3,0,2,3,3,4,5,4,1,1,1,14-Aug-18,2.99,2.82,0.1967,0.4874,,
112,PSSP,POSE,Live,3,0,0,0,0,4,3,2,1,1,1,14-Aug-18,3.07,3.06,0.2212,0.5378,,
113,PSSP,HECO,Live,3,0,3,5,4,5,5,4,1,1,1,14-Aug-18,3.18,2.99,0.2456,0.4105,,
114,PSSP,PSSP,Live,3,0,1,4,4,4,4,3,1,1,1,14-Aug-18,3.81,3.69,0.2226,0.5744,,
115,PSSP,BARE,Live,3,0,1,4,5,5,6,5,1,1,1,14-Aug-18,3.16,3.13,0.1847,0.5094,,
116,PSSP,ARTR,Sterile,3,0,1,4,4,5,5,4,1,1,1,14-Aug-18,3.8,3.65,0.1263,0.6532,,
117,PSSP,POSE,Sterile,3,0,1,2,5,7,6,5,1,1,1,14-Aug-18,2.88,2.75,0.2122,0.4599,,
118,PSSP,HECO,Sterile,3,0,0,2,2,5,4,3,1,1,1,14-Aug-18,3.7,3.59,0.123,0.6231,,black mold
119,PSSP,PSSP,Sterile,3,0,0,1,1,1,1,,1,1,1,14-Aug-18,1.03,1,0.1684,0.1993,,
120,PSSP,BARE,Sterile,3,0,0,4,4,5,5,4,1,1,1,14-Aug-18,3.86,3.73,0.1282,0.7065,,black mold
121,ARTR,ARTR,Live,4,0,3,1,2,2,2,1,1,1,1,14-Aug-18,1.48,1.4,0.1529,0.1912,,180713 leaf droopy despite watering
122,ARTR,POSE,Live,4,1,5,3,3,3,3,2,1,1,1,14-Aug-18,2.66,2.64,0.1627,0.3329,,
123,ARTR,HECO,Live,4,1,0,0,1,3,1,,1,1,1,14-Aug-18,1.17,0.99,0.1588,0.1061,,black mold and broken off root not collected at bottom
124,ARTR,PSSP,Live,4,1,5,2,2,2,2,1,1,1,1,14-Aug-18,2.45,2.45,0.3502,0.2477,,180713 leaf droopy despite watering
125,ARTR,BARE,Live,4,2,4,4,5,5,5,4,1,1,1,14-Aug-18,4.01,,0.292,0.4921,,
126,ARTR,ARTR,Sterile,4,0,2,1,1,1,1,,1,1,1,14-Aug-18,2.39,2.27,0.199,0.2689,,
127,ARTR,POSE,Sterile,4,0,0,0,1,3,3,2,1,1,1,14-Aug-18,1.82,1.65,0.1682,0.1875,,
128,ARTR,HECO,Sterile,4,0,1,0,0,0,1,,1,1,1,14-Aug-18,1.71,1.5,0.1842,0.1795,,
129,ARTR,PSSP,Sterile,4,0,3,0,0,0,0,,1,1,1,14-Aug-18,1.72,1.67,0.1309,0.1743,,
130,ARTR,BARE,Sterile,4,1,0,0,0,0,0,,1,1,1,14-Aug-18,0.05,,0.0103,0.0036,,
131,POSE,ARTR,Live,4,0,1,1,3,5,5,4,1,1,1,14-Aug-18,2.96,2.78,0.1473,0.5668,,
132,POSE,POSE,Live,4,0,0,1,1,5,6,5,1,1,1,14-Aug-18,2.25,2.21,0.0777,0.3346,,
133,POSE,HECO,Live,4,0,0,3,4,8,8,7,1,1,1,23-Jul-18,1.1,1.03,0.1005,0.1218,,180713 almost all dead and brown
134,POSE,PSSP,Live,4,0,0,0,3,4,4,3,1,1,1,14-Aug-18,1.39,1.16,0.0766,0.1448,,
135,POSE,BARE,Live,4,0,0,0,1,3,4,3,1,1,1,23-Jul-18,1.84,1.74,0.1755,0.2552,,
136,POSE,ARTR,Sterile,4,0,0,0,1,8,8,7,1,1,1,14-Aug-18,0.59,0.55,0.0263,0.0779,,
137,POSE,POSE,Sterile,4,0,0,0,0,3,3,2,1,1,1,14-Aug-18,1.4,1.35,0.0299,0.1993,,
138,POSE,HECO,Sterile,4,0,0,0,0,6,6,5,1,1,1,14-Aug-18,3.03,2.9,0.1097,0.5376,,black mold
139,POSE,PSSP,Sterile,4,0,0,0,0,3,4,3,1,1,1,23-Jul-18,0.85,0.73,0.0376,0.0748,,
140,POSE,BARE,Sterile,4,0,0,0,0,5,5,4,1,1,1,14-Aug-18,1.47,1.26,0.0559,0.1913,,
141,HECO,ARTR,Live,4,0,1,1,1,1,1,,1,1,1,14-Aug-18,5.06,4.89,1.0024,1.1236,,
142,HECO,POSE,Live,4,0,0,0,0,0,0,,0,0,0,,,,,,,
143,HECO,HECO,Live,4,0,0,1,1,1,1,,1,1,1,14-Aug-18,5.22,5.17,0.4358,0.6952,,
144,HECO,PSSP,Live,4,0,0,0,0,0,0,,0,0,0,,,,,,,
145,HECO,BARE,Live,4,0,0,0,0,0,0,,1,1,1,,,,,,,
146,HECO,ARTR,Sterile,4,0,0,0,0,0,0,,1,1,1,,,,,,,
147,HECO,POSE,Sterile,4,0,0,0,0,0,0,,1,1,1,,,,,,,
148,HECO,HECO,Sterile,4,0,0,0,0,0,0,,1,1,1,,,,,,,
149,HECO,PSSP,Sterile,4,0,0,0,0,0,0,,1,1,1,,,,,,,
150,HECO,BARE,Sterile,4,0,0,1,2,2,2,1,1,1,1,14-Aug-18,5.21,5.17,0.3816,1.1365,,
151,PSSP,ARTR,Live,4,0,1,3,5,5,6,5,1,1,1,14-Aug-18,3.56,3.47,0.2419,0.7073,,
152,PSSP,POSE,Live,4,0,0,1,1,3,3,2,1,1,1,14-Aug-18,4.97,4.92,0.2596,0.8785,,
153,PSSP,HECO,Live,4,0,1,4,5,4,6,5,1,1,1,14-Aug-18,3.19,3.05,0.2068,0.5061,,soil wet all germinants look dry 180608
154,PSSP,PSSP,Live,4,0,1,1,2,2,2,1,1,1,1,14-Aug-18,3.73,3.59,0.3921,0.6995,,
155,PSSP,BARE,Live,4,0,1,2,2,2,3,2,1,1,1,14-Aug-18,2.9,2.79,0.1683,0.3666,,
156,PSSP,ARTR,Sterile,4,0,3,4,7,7,7,6,1,1,1,14-Aug-18,4.43,4.33,0.1537,0.8829,,
157,PSSP,POSE,Sterile,4,0,0,7,7,7,7,6,1,1,1,14-Aug-18,1.8,1.77,0.0722,0.2382,,
158,PSSP,HECO,Sterile,4,0,3,5,5,5,5,4,1,1,1,14-Aug-18,3.44,3.24,0.1251,0.4154,,
159,PSSP,PSSP,Sterile,4,0,0,2,3,4,4,3,1,1,1,14-Aug-18,3.82,3.7,0.219,0.6421,,
160,PSSP,BARE,Sterile,4,0,1,5,6,5,6,5,1,1,1,14-Aug-18,4.39,4.34,0.1655,0.8089,,soil wet all germinants look dry 180608
161,ARTR,ARTR,Live,5,3,2,0,0,0,0,,0,0,0,,,,,,,not great 180511
162,ARTR,POSE,Live,5,2,4,3,3,3,4,3,1,1,1,14-Aug-18,1.41,1.25,0.1202,0.167,,
163,ARTR,HECO,Live,5,1,2,1,2,2,2,1,1,1,1,14-Aug-18,1.54,1.43,0.1517,0.163,,
164,ARTR,PSSP,Live,5,1,3,3,3,4,4,3,1,1,1,14-Aug-18,1.33,1.18,0.0976,0.1439,,
165,ARTR,BARE,Live,5,0,4,4,4,4,4,3,1,1,1,14-Aug-18,1.14,1.01,0.121,0.1486,,
166,ARTR,ARTR,Sterile,5,0,2,0,0,0,0,,1,1,1,,,,,,,
167,ARTR,POSE,Sterile,5,2,5,4,4,3,4,3,1,1,1,14-Aug-18,0.46,0.35,0.0471,0.0552,,pulled grass 180608
168,ARTR,HECO,Sterile,5,1,3,3,5,5,5,4,1,1,1,14-Aug-18,1.58,1.41,0.1324,0.1554,,
169,ARTR,PSSP,Sterile,5,2,3,2,2,2,2,1,1,1,1,14-Aug-18,1.94,1.82,0.1836,0.2624,,
170,ARTR,BARE,Sterile,5,1,3,3,4,4,4,3,1,1,1,14-Aug-18,0.16,0.1,0.0353,0.0204,,
171,POSE,ARTR,Live,5,0,1,1,1,2,2,1,1,1,1,23-Jul-18,1.6,1.52,0.1048,0.1909,,
172,POSE,POSE,Live,5,0,0,0,0,2,2,1,1,1,1,14-Aug-18,0.21,0.08,0.0071,0.0123,,180713 leaf nibbled
173,POSE,HECO,Live,5,0,3,6,8,6,7,6,1,1,1,23-Jul-18,1.46,1.45,0.1067,0.1588,,
174,POSE,PSSP,Live,5,0,0,3,5,6,6,5,1,1,1,23-Jul-18,0.66,0.58,0.0701,0.0909,,
175,POSE,BARE,Live,5,0,1,6,6,6,5,4,1,1,0,14-Aug-18,0.73,0.61,0.0136,0.0763,,180713 either old plant diedd or there was herbivory
176,POSE,ARTR,Sterile,5,0,0,3,6,6,6,5,1,1,1,14-Aug-18,1.43,1.36,0.0203,0.1678,,
177,POSE,POSE,Sterile,5,0,1,4,5,7,7,6,1,1,1,23-Jul-18,0.67,0.63,0.0379,0.0966,,180713 leaf nibbled
178,POSE,HECO,Sterile,5,0,1,0,4,5,6,5,1,1,1,14-Aug-18,1.43,1.22,0.0838,0.175,,
179,POSE,PSSP,Sterile,5,0,0,0,3,4,4,3,1,1,1,14-Aug-18,1.4,1.2,0.0672,0.1643,,180713 leaf nibbled; pretty chomped up at harvest
180,POSE,BARE,Sterile,5,0,0,4,4,6,6,5,1,1,1,14-Aug-18,1.03,0.97,0.0317,0.1033,,180713 leaf nibbled
181,HECO,ARTR,Live,5,0,0,1,3,3,3,2,1,1,1,14-Aug-18,1.71,1.54,0.1071,0.2465,,
182,HECO,POSE,Live,5,0,0,0,0,0,0,,0,0,0,14-Aug-18,0.04,,0.0082,0.0026,,
183,HECO,HECO,Live,5,0,0,0,0,0,0,,0,0,0,,,,,,,
184,HECO,PSSP,Live,5,0,2,2,3,3,3,2,1,1,1,14-Aug-18,2.38,2.12,0.2207,0.3224,,
185,HECO,BARE,Live,5,0,1,2,4,3,4,3,1,1,1,14-Aug-18,2.9,2.69,0.2688,0.3488,,
186,HECO,ARTR,Sterile,5,0,0,0,0,0,0,,0,0,0,,,,,,,
187,HECO,POSE,Sterile,5,0,0,1,3,4,4,3,1,1,1,14-Aug-18,2.1,2.01,0.1941,0.3522,,
188,HECO,HECO,Sterile,5,0,0,1,2,2,2,1,1,1,1,14-Aug-18,2.47,2.23,0.2,0.301,,
189,HECO,PSSP,Sterile,5,0,0,0,0,0,0,,0,0,0,,,,,,,
190,HECO,BARE,Sterile,5,0,0,1,1,1,1,,1,1,1,14-Aug-18,3.7,3.49,0.2129,0.5268,,
191,PSSP,ARTR,Live,5,0,0,1,2,2,2,1,1,1,1,14-Aug-18,2.76,2.54,0.2977,0.4236,,
192,PSSP,POSE,Live,5,0,0,3,3,3,3,2,1,1,1,14-Aug-18,2.41,2.16,0.1473,0.4289,,
193,PSSP,HECO,Live,5,0,0,3,4,4,4,3,1,1,1,14-Aug-18,2.23,2.1,0.2374,0.3337,,
194,PSSP,PSSP,Live,5,0,0,4,4,4,4,3,1,1,1,14-Aug-18,2.3,2.1,0.1642,0.3306,,
195,PSSP,BARE,Live,5,0,0,1,4,4,5,4,1,1,1,14-Aug-18,3.27,3.03,0.2131,0.5058,,
196,PSSP,ARTR,Sterile,5,0,0,0,0,1,1,,1,1,1,14-Aug-18,3.59,3.46,0.3024,0.5752,,
197,PSSP,POSE,Sterile,5,0,0,0,3,4,3,2,1,1,1,14-Aug-18,5.96,5.82,0.4231,1.1148,,
198,PSSP,HECO,Sterile,5,0,0,0,3,5,6,5,1,1,1,14-Aug-18,5.03,4.84,0.2596,0.8675,,
199,PSSP,PSSP,Sterile,5,0,0,1,1,1,3,2,1,1,1,14-Aug-18,3.99,3.73,0.3031,0.6919,,
200,PSSP,BARE,Sterile,5,0,0,2,5,7,6,5,1,1,1,14-Aug-18,5.44,5.41,0.3234,0.7639,,
201,ARTR,ARTR,Live,6,0,2,1,1,2,3,2,1,1,1,14-Aug-18,,,0.2958,0.5635,,
202,ARTR,POSE,Live,6,0,0,0,0,0,1,,1,1,1,14-Aug-18,,,0.0588,0.069,,
203,ARTR,HECO,Live,6,0,0,0,2,3,5,4,1,1,1,14-Aug-18,,,0.0971,0.0236,,
204,ARTR,PSSP,Live,6,0,1,0,0,0,0,,1,1,1,14-Aug-18,,,0.3442,0.4041,,looked dead at harvest (little root)
205,ARTR,BARE,Live,6,1,3,4,4,4,4,3,1,1,1,14-Aug-18,,,0.0559,0.1133,,
206,ARTR,ARTR,Sterile,6,0,2,1,1,1,2,1,1,1,1,14-Aug-18,,,0.2136,0.2583,,180713 leaf droopy despite watering
207,ARTR,POSE,Sterile,6,1,0,0,1,1,1,,1,1,1,14-Aug-18,,,0.1736,0.0937,,behind tag 180523; moved tag 180605
208,ARTR,HECO,Sterile,6,0,0,0,0,0,0,,0,0,0,,,,,,,
209,ARTR,PSSP,Sterile,6,3,4,2,2,2,3,2,1,1,1,14-Aug-18,,,0.2599,0.3169,,
210,ARTR,BARE,Sterile,6,1,2,0,0,0,0,,0,0,0,,,,,,,
211,POSE,ARTR,Live,6,0,0,0,0,0,2,1,1,1,1,14-Aug-18,,,0.0582,0.2037,,
212,POSE,POSE,Live,6,0,0,0,2,2,4,3,1,1,1,14-Aug-18,,,0.0876,0.2312,,
213,POSE,HECO,Live,6,0,0,0,0,0,4,3,1,1,1,14-Aug-18,,,0.078,0.2154,,
214,POSE,PSSP,Live,6,0,0,0,0,0,3,2,1,1,1,14-Aug-18,,,0.0593,0.1994,,
215,POSE,BARE,Live,6,0,0,0,0,0,1,,1,1,1,14-Aug-18,,,0.0311,0.1339,,
216,POSE,ARTR,Sterile,6,0,0,0,0,0,0,,1,1,1,14-Aug-18,,,0.0496,0.1053,,
217,POSE,POSE,Sterile,6,0,0,0,0,0,2,1,1,1,1,14-Aug-18,,,0.0825,0.322,,
218,POSE,HECO,Sterile,6,0,0,0,0,0,0,,1,1,1,14-Aug-18,,,0.0558,0.1704,,
219,POSE,PSSP,Sterile,6,0,0,0,0,0,2,1,1,1,1,14-Aug-18,,,0.0574,0.1355,,
220,POSE,BARE,Sterile,6,0,0,0,0,0,4,3,1,1,1,14-Aug-18,,,0.0685,0.2784,,
221,HECO,ARTR,Live,6,0,0,0,0,2,2,1,1,1,1,14-Aug-18,,,0.3754,0.4958,,
222,HECO,POSE,Live,6,0,0,0,0,0,1,,1,1,1,15-Aug-18,,,0.138,0.3739,,
223,HECO,HECO,Live,6,0,0,0,0,0,0,,0,0,0,,,,,,,
224,HECO,PSSP,Live,6,0,0,1,1,1,1,,1,1,1,15-Aug-18,,,0.5336,0.7876,,
225,HECO,BARE,Live,6,0,0,0,0,0,0,,0,0,0,,,,,,,
226,HECO,ARTR,Sterile,6,0,0,0,0,0,0,,0,0,0,15-Aug-18,,,0.0195,0.0357,,
227,HECO,POSE,Sterile,6,0,0,0,0,0,0,,1,1,1,15-Aug-18,,,0.0655,0.1611,,
228,HECO,HECO,Sterile,6,0,0,0,0,1,1,,1,1,1,15-Aug-18,,,0.3192,0.5038,,
229,HECO,PSSP,Sterile,6,0,0,0,0,0,0,,0,0,1,15-Aug-18,,,0.1146,0.4494,1,180713 new germ?
230,HECO,BARE,Sterile,6,0,0,0,0,0,0,,0,0,0,,,,,,,
231,PSSP,ARTR,Live,6,0,0,0,1,4,4,3,1,1,1,,,,,,,
232,PSSP,POSE,Live,6,0,0,1,2,4,4,3,1,1,1,15-Aug-18,,,0.2957,0.45325,,harvest biomass is the average of 2 indivs in pot at harvest
233,PSSP,HECO,Live,6,0,0,1,2,3,3,2,1,1,1,15-Aug-18,,,0.4195,0.5935,,
234,PSSP,PSSP,Live,6,0,0,1,1,4,3,2,1,1,1,15-Aug-18,,,0.3787,0.4588,,
235,PSSP,BARE,Live,6,0,0,1,2,7,8,7,1,1,1,15-Aug-18,,,0.4279,0.7603,,
236,PSSP,ARTR,Sterile,6,0,0,1,1,5,5,4,1,1,1,15-Aug-18,,,0.2467,0.372,,
237,PSSP,POSE,Sterile,6,0,0,1,3,7,7,6,1,1,1,15-Aug-18,,,0.0573,0.222,,
238,PSSP,HECO,Sterile,6,0,0,1,2,5,5,4,1,1,1,15-Aug-18,,,0.0833,0.131,,
239,PSSP,PSSP,Sterile,6,0,0,2,4,6,6,5,1,1,1,15-Aug-18,,,0.3235,1.1545,,
240,PSSP,BARE,Sterile,6,0,0,0,1,5,5,4,1,1,1,15-Aug-18,,,0.2326,0.4554,,
241,ARTR,ARTR,Live,7,0,0,0,0,0,0,,0,0,0,,,,,,,
242,ARTR,POSE,Live,7,0,1,0,0,2,2,1,1,1,1,15-Aug-18,,,0.0136,0.0108,,
243,ARTR,HECO,Live,7,1,1,1,1,2,2,1,1,1,1,,,,,0.2658,,
244,ARTR,PSSP,Live,7,1,5,1,1,1,1,,1,1,1,15-Aug-18,,,0.1157,0.0998,,
245,ARTR,BARE,Live,7,1,3,0,1,2,2,1,1,1,1,15-Aug-18,,,0.0656,0.1085,,
246,ARTR,ARTR,Sterile,7,2,0,0,0,1,2,1,1,1,1,15-Aug-18,,,0.0247,0.0109,,
247,ARTR,POSE,Sterile,7,1,3,3,3,4,4,3,1,1,1,15-Aug-18,,,0.1006,0.1366,,
248,ARTR,HECO,Sterile,7,0,1,1,2,2,2,1,1,1,1,15-Aug-18,,,0.1372,0.0689,,
249,ARTR,PSSP,Sterile,7,0,2,0,0,0,0,,0,0,0,,,,,,,
250,ARTR,BARE,Sterile,7,0,1,0,0,3,4,3,1,1,1,15-Aug-18,,,0.0538,0.0212,,
251,POSE,ARTR,Live,7,0,0,0,1,6,7,6,1,1,1,15-Aug-18,,,0.0268,0.0652,,
252,POSE,POSE,Live,7,0,1,2,5,6,6,5,1,1,1,15-Aug-18,,,0.0347,0.2092,,
253,POSE,HECO,Live,7,0,0,1,5,6,6,5,1,1,1,15-Aug-18,,,0.0668,0.1146,,
254,POSE,PSSP,Live,7,0,0,0,1,4,5,4,1,1,1,15-Aug-18,,,0.0172,0.0263,,
255,POSE,BARE,Live,7,0,0,0,1,5,5,4,1,1,1,15-Aug-18,,,0.062,0.1412,,
256,POSE,ARTR,Sterile,7,0,0,0,2,5,5,4,1,1,1,31-Jul-18,,,0.0307,0.1418,,
257,POSE,POSE,Sterile,7,0,0,0,0,1,1,,1,1,1,15-Aug-18,,,0.0021,0.0054,,
258,POSE,HECO,Sterile,7,0,0,0,1,4,5,4,1,1,1,15-Aug-18,,,0.1025,0.3696,,
259,POSE,PSSP,Sterile,7,0,0,0,3,6,6,5,1,1,1,15-Aug-18,,,0.0511,0.1644,,
260,POSE,BARE,Sterile,7,0,0,0,0,1,3,2,1,1,1,15-Aug-18,,,0.0643,0.1455,,
261,HECO,ARTR,Live,7,0,0,0,0,0,1,,1,1,1,15-Aug-18,,,0.1593,0.4018,,
262,HECO,POSE,Live,7,0,0,0,0,0,0,,0,0,0,,,,,,,
263,HECO,HECO,Live,7,0,0,0,0,0,0,,0,0,0,,,,,,,
264,HECO,PSSP,Live,7,0,0,0,1,1,1,,1,1,1,15-Aug-18,,,0.195,0.4223,,
265,HECO,BARE,Live,7,0,0,0,0,0,0,,0,0,0,,,,,,,
266,HECO,ARTR,Sterile,7,0,0,0,0,0,0,,0,0,0,,,,,,,
267,HECO,POSE,Sterile,7,0,0,0,0,1,1,,1,1,1,15-Aug-18,,,0.1915,0.251,,
268,HECO,HECO,Sterile,7,0,0,0,0,0,0,,0,0,0,,,,,,,
269,HECO,PSSP,Sterile,7,0,0,2,2,3,3,2,1,1,1,15-Aug-18,,,0.3969,0.9169,,
270,HECO,BARE,Sterile,7,0,0,0,0,0,0,,0,0,0,,,,,,,
271,PSSP,ARTR,Live,7,0,0,3,3,3,3,2,1,1,1,15-Aug-18,,,0.1924,0.5128,,
272,PSSP,POSE,Live,7,0,0,2,2,2,2,1,1,1,1,15-Aug-18,,,0.3722,0.5991,,
273,PSSP,HECO,Live,7,0,2,2,3,5,5,4,1,1,1,15-Aug-18,,,0.3417,0.6666,,
274,PSSP,PSSP,Live,7,0,1,3,3,3,3,2,1,1,1,15-Aug-18,,,0.3164,0.5363,,
275,PSSP,BARE,Live,7,0,0,4,5,6,6,5,1,1,1,15-Aug-18,,,0.2494,0.562,,
276,PSSP,ARTR,Sterile,7,0,0,2,3,4,4,3,1,1,1,15-Aug-18,,,0.2609,0.7992,,
277,PSSP,POSE,Sterile,7,0,0,0,0,2,2,1,1,1,1,15-Aug-18,,,0.1644,0.1685,,
278,PSSP,HECO,Sterile,7,0,0,3,3,3,2,1,1,1,1,15-Aug-18,,,0.10495,0.36635,,harvest biomass is the average of 2 indivs in pot at harvest
279,PSSP,PSSP,Sterile,7,0,0,1,3,3,3,2,1,1,1,15-Aug-18,,,0.3061,1.07,,
280,PSSP,BARE,Sterile,7,0,0,1,1,2,2,1,1,1,1,15-Aug-18,,,0.2977,0.9255,,
281,ARTR,ARTR,Live,8,1,3,1,1,1,2,1,1,1,1,15-Aug-18,,,0.0628,0.0588,,
282,ARTR,POSE,Live,8,1,2,1,1,1,1,,1,1,1,15-Aug-18,,,0.068,0.0987,,
283,ARTR,HECO,Live,8,1,0,0,1,1,1,,1,1,1,15-Aug-18,,,0.3011,0.3204,,
284,ARTR,PSSP,Live,8,0,1,1,1,1,1,,1,1,1,15-Aug-18,,,0.0551,0.1086,,
285,ARTR,BARE,Live,8,1,1,0,0,0,0,,0,0,0,,,,,,,
286,ARTR,ARTR,Sterile,8,0,2,0,0,0,1,,1,1,1,15-Aug-18,,,0.0108,0.0019,,
287,ARTR,POSE,Sterile,8,1,0,0,0,0,0,,0,0,0,,,,,,,
288,ARTR,HECO,Sterile,8,0,3,1,1,1,1,,1,1,1,15-Aug-18,,,0.0696,0.0718,,180713 leaf droopy despite watering; 180726 looks pretty dead
289,ARTR,PSSP,Sterile,8,1,5,1,1,1,1,,1,1,1,15-Aug-18,,,0.2484,0.1805,,
290,ARTR,BARE,Sterile,8,1,2,1,1,1,1,,1,1,1,15-Aug-18,,,0.1044,0.0584,,
291,POSE,ARTR,Live,8,0,0,0,1,4,5,4,1,1,1,15-Aug-18,,,0.0701,0.1273,,
292,POSE,POSE,Live,8,0,0,0,1,4,4,3,1,1,1,15-Aug-18,,,0.0592,0.236,,
293,POSE,HECO,Live,8,0,0,1,2,4,4,3,1,1,1,15-Aug-18,,,0.0539,0.1227,,
294,POSE,PSSP,Live,8,0,0,4,4,6,6,5,1,1,1,15-Aug-18,,,0.0732,0.2518,,
295,POSE,BARE,Live,8,0,0,0,6,6,6,5,1,1,1,31-Jul-18,1.56,1.48,0.0828,0.4015,,
296,POSE,ARTR,Sterile,8,0,0,1,7,8,8,7,1,1,1,15-Aug-18,,,0.1008,0.1842,,
297,POSE,POSE,Sterile,8,0,0,1,2,5,6,5,1,1,1,31-Jul-18,2.14,1.99,0.149,0.5768,,180726 almost dead
298,POSE,HECO,Sterile,8,0,0,0,2,5,5,4,1,1,1,15-Aug-18,,,0.1018,0.5461,,
299,POSE,PSSP,Sterile,8,0,0,3,8,8,7,6,1,1,1,31-Jul-18,2.47,2.33,0.1325,0.4663,,
300,POSE,BARE,Sterile,8,0,0,2,7,7,8,7,1,1,1,15-Aug-18,,,0.0871,0.3304,,
301,HECO,ARTR,Live,8,0,0,0,0,0,0,,0,0,0,,,,,,,
302,HECO,POSE,Live,8,0,0,0,0,0,0,,0,0,0,,,,,,,
303,HECO,HECO,Live,8,0,0,0,1,1,1,,1,1,1,15-Aug-18,,,0.377,0.7041,,
304,HECO,PSSP,Live,8,0,1,1,1,1,1,,1,1,1,15-Aug-18,,,0.5143,0.6246,,
305,HECO,BARE,Live,8,0,0,0,0,0,0,,0,0,0,,,,,,,
306,HECO,ARTR,Sterile,8,0,1,1,1,1,1,,1,1,1,15-Aug-18,,,0.3901,0.7962,,
307,HECO,POSE,Sterile,8,0,0,0,0,0,0,,0,0,0,,,,,,,
308,HECO,HECO,Sterile,8,0,0,1,1,2,2,1,1,1,1,15-Aug-18,,,0.3887,1.2219,,
309,HECO,PSSP,Sterile,8,0,0,0,0,0,0,,1,1,1,15-Aug-18,,,0.0608,0.0711,,
310,HECO,BARE,Sterile,8,0,0,0,0,0,0,,0,0,0,,,,,,,
311,PSSP,ARTR,Live,8,0,0,2,3,3,3,2,1,1,1,15-Aug-18,,,0.1529,0.2903,,
312,PSSP,POSE,Live,8,0,1,2,3,4,4,3,1,1,1,15-Aug-18,,,0.2844,0.8159,,
313,PSSP,HECO,Live,8,0,0,3,4,4,4,3,1,1,1,15-Aug-18,,,0.2446,0.611,,
314,PSSP,PSSP,Live,8,0,0,1,4,5,5,4,1,1,1,15-Aug-18,,,0.3075,1.013,,
315,PSSP,BARE,Live,8,0,2,6,6,6,6,5,1,1,1,15-Aug-18,,,0.1332,0.4205,,
316,PSSP,ARTR,Sterile,8,0,1,4,4,4,4,3,1,1,1,15-Aug-18,,,0.1794,0.3411,,
317,PSSP,POSE,Sterile,8,0,0,2,2,3,3,2,1,1,1,15-Aug-18,,,0.1898,0.7497,,
318,PSSP,HECO,Sterile,8,0,1,3,4,4,4,3,1,1,1,15-Aug-18,,,0.2321,0.5792,,
319,PSSP,PSSP,Sterile,8,0,0,0,1,1,1,,1,1,1,15-Aug-18,,,0.121,0.3277,,
320,PSSP,BARE,Sterile,8,0,1,4,4,4,4,3,1,1,1,15-Aug-18,,,0.1975,0.5285,,
321,ARTR,ARTR,Live,9,0,3,3,3,3,3,2,1,1,1,15-Aug-18,,,0.3391,0.2126,,
322,ARTR,POSE,Live,9,0,2,0,1,0,0,,0,0,0,,,,,,,
323,ARTR,HECO,Live,9,0,0,0,0,0,0,,0,0,0,,,,,,,
324,ARTR,PSSP,Live,9,0,0,0,2,3,3,2,1,1,1,15-Aug-18,,,0.0852,0.1085,,
325,ARTR,BARE,Live,9,0,1,2,2,2,2,1,1,1,1,15-Aug-18,,,0.3157,0.4336,,
326,ARTR,ARTR,Sterile,9,2,0,0,0,1,1,,1,1,1,15-Aug-18,,,0.3009,0.1463,,
327,ARTR,POSE,Sterile,9,0,0,0,0,1,0,,0,0,0,,,,,,,
328,ARTR,HECO,Sterile,9,1,0,0,1,1,1,,1,1,1,15-Aug-18,,,0.149,0.2411,,
329,ARTR,PSSP,Sterile,9,1,0,0,0,0,0,,0,0,0,,,,,,,
330,ARTR,BARE,Sterile,9,0,0,0,0,1,1,,1,1,1,15-Aug-18,,,0.1011,0.0513,,
331,POSE,ARTR,Live,9,0,0,0,4,4,6,5,1,1,1,15-Aug-18,,,0.1323,0.2536,,
332,POSE,POSE,Live,9,0,0,0,4,6,7,6,1,1,1,15-Aug-18,,,0.0553,0.2067,,
333,POSE,HECO,Live,9,0,0,0,1,5,6,5,1,1,1,23-Jul-18,1.98,1.84,0.1812,0.2949,,
334,POSE,PSSP,Live,9,0,0,1,3,4,5,4,1,1,1,15-Aug-18,,,0.1724,0.4233,,
335,POSE,BARE,Live,9,0,0,0,3,8,8,7,1,1,1,15-Aug-18,,,0.0406,0.1653,,
336,POSE,ARTR,Sterile,9,0,0,0,0,2,8,7,1,1,1,31-Jul-18,1.61,1.52,0.0903,0.0334,,
337,POSE,POSE,Sterile,9,0,0,1,5,5,6,5,1,1,1,15-Aug-18,,,0.0864,0.1765,,
338,POSE,HECO,Sterile,9,0,0,0,3,3,3,2,1,1,1,31-Jul-18,0.52,0.42,0.017,0.0599,,
339,POSE,PSSP,Sterile,9,0,0,0,1,8,6,5,1,1,1,31-Jul-18,1.26,1.2,0.058,0.2068,,
340,POSE,BARE,Sterile,9,0,0,0,0,4,3,2,1,1,1,15-Aug-18,,,0.031,0.1981,,
341,HECO,ARTR,Live,9,0,0,0,0,1,1,,1,1,1,15-Aug-18,,,0.3687,0.5956,,pulled sorrel seedling 180608
342,HECO,POSE,Live,9,0,0,0,0,0,0,,0,0,0,,,,,,,
343,HECO,HECO,Live,9,0,0,0,0,1,1,,1,1,1,15-Aug-18,,,0.3858,0.4464,,
344,HECO,PSSP,Live,9,0,1,1,1,2,1,1,1,1,1,15-Aug-18,,,0.3865,0.7842,,
345,HECO,BARE,Live,9,0,0,0,1,1,1,,1,1,1,15-Aug-18,,,0.3444,0.6563,,
346,HECO,ARTR,Sterile,9,0,0,1,1,1,1,,1,1,1,15-Aug-18,,,0.6928,1.0745,,
347,HECO,POSE,Sterile,9,0,1,1,2,5,5,4,1,1,1,15-Aug-18,,,0.3908,0.8257,,
348,HECO,HECO,Sterile,9,0,0,0,0,1,2,1,1,1,1,15-Aug-18,,,0.3943,1.1214,,
349,HECO,PSSP,Sterile,9,0,0,0,1,0,0,,0,0,0,,,,,,,
350,HECO,BARE,Sterile,9,0,0,1,1,1,1,,1,1,1,15-Aug-18,,,0.558,1.1257,,
351,PSSP,ARTR,Live,9,0,1,2,3,4,4,3,1,1,1,15-Aug-18,,,0.3786,0.6772,,
352,PSSP,POSE,Live,9,0,0,1,3,4,4,3,1,1,1,15-Aug-18,,,0.3303,0.6908,,
353,PSSP,HECO,Live,9,0,1,3,3,3,3,2,1,1,1,15-Aug-18,,,0.2863,0.4207,,
354,PSSP,PSSP,Live,9,0,0,0,3,6,6,5,1,1,1,15-Aug-18,,,0.3333,0.8211,,
355,PSSP,BARE,Live,9,0,0,4,5,6,6,5,1,1,1,15-Aug-18,,,0.2827,0.5862,,
356,PSSP,ARTR,Sterile,9,0,2,4,5,7,5,4,1,1,1,15-Aug-18,,,0.1898,0.7644,,
357,PSSP,POSE,Sterile,9,0,1,2,3,4,4,3,1,1,1,15-Aug-18,,,0.2799,1.0013,,
358,PSSP,HECO,Sterile,9,0,0,0,1,4,3,2,1,1,1,15-Aug-18,,,0.194,0.7991,,
359,PSSP,PSSP,Sterile,9,0,0,3,3,5,5,4,1,1,1,15-Aug-18,,,0.2678,1.3951,,
360,PSSP,BARE,Sterile,9,0,1,3,3,4,4,3,1,1,1,15-Aug-18,,,0.2113,1.1842,,
361,ARTR,ARTR,Live,10,0,0,0,1,0,0,,0,1,1,15-Aug-18,,,0.0412,0.019,1,180626 new germ
362,ARTR,POSE,Live,10,0,0,0,3,3,5,4,1,1,1,15-Aug-18,,,0.2249,0.278,,
363,ARTR,HECO,Live,10,0,3,0,3,4,4,3,1,1,1,15-Aug-18,,,0.2342,0.2405,,
364,ARTR,PSSP,Live,10,1,0,0,0,0,0,,0,0,0,,,,,,,
365,ARTR,BARE,Live,10,1,1,0,0,2,2,1,1,1,1,15-Aug-18,,,0.1391,0.1856,,
366,ARTR,ARTR,Sterile,10,0,0,0,1,4,3,2,1,1,1,15-Aug-18,,,0.1503,0.208,,
367,ARTR,POSE,Sterile,10,0,3,2,3,4,4,3,1,1,1,15-Aug-18,,,0.2845,0.3833,,
368,ARTR,HECO,Sterile,10,1,2,0,0,0,0,,0,1,1,,,,,,1,180626 new germ
369,ARTR,PSSP,Sterile,10,0,1,0,1,2,2,1,1,1,1,15-Aug-18,,,0.1097,0.1544,,
370,ARTR,BARE,Sterile,10,1,2,0,0,1,1,,1,1,1,15-Aug-18,,,0.0501,0.0184,,
371,POSE,ARTR,Live,10,0,0,0,1,3,3,2,1,1,1,15-Aug-18,,,0.0903,0.353,,
372,POSE,POSE,Live,10,0,0,0,1,7,6,5,1,1,1,15-Aug-18,,,0.0768,0.2496,,
373,POSE,HECO,Live,10,0,0,0,0,4,4,3,1,1,1,15-Aug-18,,,0.0958,0.2513,,
374,POSE,PSSP,Live,10,0,0,0,0,5,5,4,1,1,1,15-Aug-18,,,0.0699,0.1706,,
375,POSE,BARE,Live,10,0,0,0,0,4,4,3,1,1,1,15-Aug-18,,,0.0736,0.1683,,
376,POSE,ARTR,Sterile,10,0,0,0,1,4,4,3,1,1,1,15-Aug-18,,,0.0583,0.2457,,
377,POSE,POSE,Sterile,10,0,0,0,0,1,1,,1,1,1,15-Aug-18,,,0.1298,0.2555,,
378,POSE,HECO,Sterile,10,0,0,0,0,0,5,,1,1,0,15-Aug-18,,,,0.1703,,weird white crust; did not pull any seedlings since all super tiny 180608
379,POSE,PSSP,Sterile,10,0,0,0,1,5,5,4,1,1,1,15-Aug-18,,,0.0619,0.1773,,
380,POSE,BARE,Sterile,10,0,0,0,1,6,9,8,1,1,1,23-Jul-18,0.63,0.59,0.029,0.0709,,
381,HECO,ARTR,Live,10,0,0,0,0,0,1,,1,1,1,15-Aug-18,,,0.3311,0.73,,
382,HECO,POSE,Live,10,0,0,0,0,2,2,1,1,1,1,15-Aug-18,,,0.37,0.4839,,
383,HECO,HECO,Live,10,0,0,0,0,0,0,,0,0,0,,,,,,,
384,HECO,PSSP,Live,10,0,0,0,0,1,3,2,1,1,1,15-Aug-18,,,0.2387,0.4406,,
385,HECO,BARE,Live,10,0,0,0,0,0,2,1,1,1,1,15-Aug-18,,,0.3261,0.5417,,
386,HECO,ARTR,Sterile,10,0,0,0,0,1,1,,1,1,1,15-Aug-18,,,0.3067,0.7913,,
387,HECO,POSE,Sterile,10,0,0,0,0,0,0,,0,0,0,,,,,,,
388,HECO,HECO,Sterile,10,0,0,0,0,0,0,,0,0,0,15-Aug-18,,,0.0112,0.0067,,
389,HECO,PSSP,Sterile,10,0,0,0,0,1,2,1,1,1,1,15-Aug-18,,,0.3467,1.0972,,
390,HECO,BARE,Sterile,10,0,0,0,1,1,1,,1,1,1,15-Aug-18,,,0.0996,0.0823,,
391,PSSP,ARTR,Live,10,0,1,3,3,6,7,6,1,1,1,15-Aug-18,,,0.4882,0.905,,
392,PSSP,POSE,Live,10,0,0,3,3,5,5,4,1,1,1,15-Aug-18,,,0.3709,0.8039,,
393,PSSP,HECO,Live,10,0,0,1,3,4,4,3,1,1,1,15-Aug-18,,,0.162,0.4006,,
394,PSSP,PSSP,Live,10,0,0,1,2,2,4,3,1,1,1,15-Aug-18,,,0.3993,1.0479,,
395,PSSP,BARE,Live,10,0,0,1,3,3,6,5,1,1,1,15-Aug-18,,,0.1269,0.6573,,
396,PSSP,ARTR,Sterile,10,0,1,4,5,5,5,4,1,1,1,15-Aug-18,,,0.1709,0.3387,,
397,PSSP,POSE,Sterile,10,0,0,0,1,5,5,4,1,1,1,15-Aug-18,,,0.0555,0.1468,,
398,PSSP,HECO,Sterile,10,0,0,5,5,4,4,3,1,1,1,15-Aug-18,,,0.10115,0.27305,,sunken soil around tag 180511; fixed with new sterile soil 180517
399,PSSP,PSSP,Sterile,10,0,1,2,4,4,4,3,1,1,1,15-Aug-18,,,0.2321,0.8356,,
400,PSSP,BARE,Sterile,10,0,0,1,2,5,6,5,1,1,1,15-Aug-18,,,0.1897,0.6042,,
