fieldID,DonorSpp,Transplant,Treatment,Transect,Rep,Transect,Position,Offset,Side,Transplant date,Moist_190509
1,PSSP,POSE,Feedback,1,1,1,3.2,2.5,L,16-Oct-18,19.7
2,PSSP,POSE,Exclusion,1,1,1,3.2,2.5,L,16-Oct-18,17
3,PSSP,POSE,Control,1,1,1,3.2,2.5,L,16-Oct-18,19.9
4,BARE,ARTR,Feedback,1,1,1,4.7,1,L,15-Oct-18,12
5,BARE,ARTR,Exclusion,1,1,1,4.7,1,L,15-Oct-18,16.1
6,BARE,ARTR,Control,1,1,1,4.7,1,L,15-Oct-18,20.2
7,BARE,HECO,Feedback,1,1,1,4.7,1,L,18-Oct-18,18.1
8,BARE,HECO,Exclusion,1,1,1,4.7,1,L,18-Oct-18,15.6
9,BARE,HECO,Control,1,1,1,4.7,1,L,18-Oct-18,15.3
10,BARE,PSSP,Feedback,1,1,1,4.7,1,L,17-Oct-18,15.2
11,BARE,PSSP,Exclusion,1,1,1,4.7,1,L,17-Oct-18,14.1
12,BARE,PSSP,Control,1,1,1,4.7,1,L,17-Oct-18,15.1
13,BARE,POSE,Feedback,1,1,1,4.7,1,L,16-Oct-18,14.4
14,BARE,POSE,Exclusion,1,1,1,4.7,1,L,16-Oct-18,10.8
15,BARE,POSE,Control,1,1,1,4.7,1,L,16-Oct-18,11.8
16,PSSP,ARTR,Feedback,1,1,1,5.2,2,R,15-Oct-18,11.6
17,PSSP,ARTR,Exclusion,1,1,1,5.2,2,R,15-Oct-18,12.4
18,PSSP,ARTR,Control,1,1,1,5.2,2,R,15-Oct-18,14.1
19,PSSP,HECO,Feedback,1,1,1,5.2,2,R,18-Oct-18,10.3
20,PSSP,HECO,Exclusion,1,1,1,5.2,2,R,18-Oct-18,10.1
21,PSSP,HECO,Control,1,1,1,5.2,2,R,18-Oct-18,16.3
22,PSSP,PSSP,Feedback,1,1,1,5.2,2,R,17-Oct-18,14.8
23,PSSP,PSSP,Exclusion,1,1,1,5.2,2,R,17-Oct-18,12.5
24,PSSP,PSSP,Control,1,1,1,5.2,2,R,17-Oct-18,15.3
25,ARTR,ARTR,Feedback,1,1,1,5.3,1.5,R,15-Oct-18,10.9
26,ARTR,ARTR,Exclusion,1,1,1,5.3,1.5,R,15-Oct-18,11.8
27,ARTR,ARTR,Control,1,1,1,5.3,1.5,R,15-Oct-18,16.2
28,ARTR,HECO,Feedback,1,1,1,5.3,1.5,R,18-Oct-18,12.6
29,ARTR,HECO,Exclusion,1,1,1,5.3,1.5,R,18-Oct-18,7.8
30,ARTR,HECO,Control,1,1,1,5.3,1.5,R,18-Oct-18,8.8
31,ARTR,PSSP,Feedback,1,1,1,5.3,1.5,R,17-Oct-18,17.3
32,ARTR,PSSP,Exclusion,1,1,1,5.3,1.5,R,17-Oct-18,15.3
33,ARTR,PSSP,Control,1,1,1,5.3,1.5,R,17-Oct-18,15.1
34,ARTR,POSE,Feedback,1,1,1,5.3,1.5,R,16-Oct-18,15
35,ARTR,POSE,Exclusion,1,1,1,5.3,1.5,R,16-Oct-18,12.1
36,ARTR,POSE,Control,1,1,1,5.3,1.5,R,16-Oct-18,11.5
37,HECO,ARTR,Feedback,1,1,1,5.6,3,L,15-Oct-18,13.4
38,HECO,ARTR,Exclusion,1,1,1,5.6,3,L,15-Oct-18,12.6
39,HECO,ARTR,Control,1,1,1,5.6,3,L,15-Oct-18,17.9
40,HECO,HECO,Feedback,1,1,1,5.6,3,L,18-Oct-18,17.4
41,HECO,HECO,Exclusion,1,1,1,5.6,3,L,18-Oct-18,16.7
42,HECO,HECO,Control,1,1,1,5.6,3,L,18-Oct-18,17.4
43,HECO,PSSP,Feedback,1,1,1,5.7,1,L,17-Oct-18,14.8
44,HECO,PSSP,Exclusion,1,1,1,5.7,1,L,17-Oct-18,17.4
45,HECO,PSSP,Control,1,1,1,5.7,1,L,17-Oct-18,17.4
46,HECO,POSE,Feedback,1,1,1,5.7,1,L,16-Oct-18,17.9
47,HECO,POSE,Exclusion,1,1,1,5.7,1,L,16-Oct-18,15.8
48,HECO,POSE,Control,1,1,1,5.7,1,L,16-Oct-18,14.3
49,POSE,HECO,Feedback,1,1,1,6,4,R,18-Oct-18,16.3
50,POSE,HECO,Exclusion,1,1,1,6,4,R,18-Oct-18,17.3
51,POSE,HECO,Control,1,1,1,6,4,R,18-Oct-18,19
52,POSE,PSSP,Feedback,1,1,1,6,4,R,17-Oct-18,10.4
53,POSE,PSSP,Exclusion,1,1,1,6,4,R,17-Oct-18,13.7
54,POSE,PSSP,Control,1,1,1,6,4,R,17-Oct-18,16.3
55,POSE,ARTR,Feedback,1,1,1,6.1,1,R,15-Oct-18,11.8
56,POSE,ARTR,Exclusion,1,1,1,6.1,1,R,15-Oct-18,11.5
57,POSE,ARTR,Control,1,1,1,6.1,1,R,15-Oct-18,14.1
58,POSE,POSE,Feedback,1,1,1,6.2,4,R,16-Oct-18,16.1
59,POSE,POSE,Exclusion,1,1,1,6.2,4,R,16-Oct-18,12.2
60,POSE,POSE,Control,1,1,1,6.2,4,R,16-Oct-18,10.1
61,HECO,ARTR,Feedback,1,2,1,7.5,1.5,L,15-Oct-18,18.5
62,HECO,ARTR,Exclusion,1,2,1,7.5,1.5,L,15-Oct-18,17.7
63,HECO,ARTR,Control,1,2,1,7.5,1.5,L,15-Oct-18,19.1
64,HECO,HECO,Feedback,1,2,1,7.5,3,L,18-Oct-18,20.3
65,HECO,HECO,Exclusion,1,2,1,7.5,3,L,18-Oct-18,18.6
66,HECO,HECO,Control,1,2,1,7.5,3,L,18-Oct-18,25
67,HECO,PSSP,Feedback,1,2,1,7.5,3,L,17-Oct-18,20.7
68,HECO,PSSP,Exclusion,1,2,1,7.5,3,L,17-Oct-18,20.5
69,HECO,PSSP,Control,1,2,1,7.5,3,L,17-Oct-18,18.3
70,HECO,POSE,Feedback,1,2,1,7.5,3,L,16-Oct-18,19.8
71,HECO,POSE,Exclusion,1,2,1,7.5,3,L,16-Oct-18,19.5
72,HECO,POSE,Control,1,2,1,7.5,3,L,16-Oct-18,17.5
73,BARE,PSSP,Feedback,1,2,1,8.6,3,R,17-Oct-18,16.2
74,BARE,PSSP,Exclusion,1,2,1,8.6,3,R,17-Oct-18,15
75,BARE,PSSP,Control,1,2,1,8.6,3,R,17-Oct-18,16.1
76,BARE,POSE,Feedback,1,2,1,8.6,3,R,16-Oct-18,11.2
77,BARE,POSE,Exclusion,1,2,1,8.6,3,R,16-Oct-18,11.3
78,BARE,POSE,Control,1,2,1,8.6,3,R,16-Oct-18,11
79,POSE,ARTR,Feedback,1,2,1,9.3,1.5,L,15-Oct-18,18
80,POSE,ARTR,Exclusion,1,2,1,9.3,1.5,L,15-Oct-18,20.7
81,POSE,ARTR,Control,1,2,1,9.3,1.5,L,15-Oct-18,20.1
82,PSSP,ARTR,Feedback,1,2,1,9.5,7,L,15-Oct-18,19.7
83,PSSP,ARTR,Exclusion,1,2,1,9.5,7,L,15-Oct-18,13.6
84,PSSP,ARTR,Control,1,2,1,9.5,7,L,15-Oct-18,20.1
85,PSSP,HECO,Feedback,1,2,1,9.5,7,L,18-Oct-18,18.6
86,PSSP,HECO,Exclusion,1,2,1,9.5,7,L,18-Oct-18,18.8
87,PSSP,HECO,Control,1,2,1,9.5,7,L,18-Oct-18,16.7
88,BARE,ARTR,Feedback,1,2,1,9.6,0,,15-Oct-18,19.4
89,BARE,ARTR,Exclusion,1,2,1,9.6,0,,15-Oct-18,21.1
90,BARE,ARTR,Control,1,2,1,9.6,0,,15-Oct-18,17.4
91,BARE,HECO,Feedback,1,2,1,9.6,0,,18-Oct-18,20.7
92,BARE,HECO,Exclusion,1,2,1,9.6,0,,18-Oct-18,14.9
93,BARE,HECO,Control,1,2,1,9.6,0,,18-Oct-18,19.5
94,PSSP,POSE,Feedback,1,2,1,10,3,L,16-Oct-18,17.3
95,PSSP,POSE,Exclusion,1,2,1,10,3,L,16-Oct-18,18.9
96,PSSP,POSE,Control,1,2,1,10,3,L,16-Oct-18,18.3
97,ARTR,ARTR,Feedback,1,2,1,11,3,L,15-Oct-18,17
98,ARTR,ARTR,Exclusion,1,2,1,11,3,L,15-Oct-18,11.7
99,ARTR,ARTR,Control,1,2,1,11,3,L,15-Oct-18,9.8
100,ARTR,HECO,Feedback,1,2,1,11,3,L,18-Oct-18,10.8
101,ARTR,HECO,Exclusion,1,2,1,11,3,L,18-Oct-18,15.2
102,ARTR,HECO,Control,1,2,1,11,3,L,18-Oct-18,14.2
103,ARTR,PSSP,Feedback,1,2,1,11,3,L,17-Oct-18,13.2
104,ARTR,PSSP,Exclusion,1,2,1,11,3,L,17-Oct-18,15.5
105,ARTR,PSSP,Control,1,2,1,11,3,L,17-Oct-18,15.8
106,ARTR,POSE,Feedback,1,2,1,11,3,L,16-Oct-18,14.2
107,ARTR,POSE,Exclusion,1,2,1,11,3,L,16-Oct-18,13.8
108,ARTR,POSE,Control,1,2,1,11,3,L,16-Oct-18,12.5
109,POSE,HECO,Feedback,1,2,1,11,8,L,18-Oct-18,15.3
110,POSE,HECO,Exclusion,1,2,1,11,8,L,18-Oct-18,16.1
111,POSE,HECO,Control,1,2,1,11,8,L,18-Oct-18,16.6
112,POSE,PSSP,Feedback,1,2,1,11,8,L,17-Oct-18,11.9
113,POSE,PSSP,Exclusion,1,2,1,11,8,L,17-Oct-18,14.1
114,POSE,PSSP,Control,1,2,1,11,8,L,17-Oct-18,15.9
115,POSE,POSE,Feedback,1,2,1,11,8,L,16-Oct-18,16.6
116,POSE,POSE,Exclusion,1,2,1,11,8,L,16-Oct-18,17.1
117,POSE,POSE,Control,1,2,1,11,8,L,16-Oct-18,14.6
118,PSSP,PSSP,Feedback,1,2,1,14.7,0.5,L,17-Oct-18,18.6
119,PSSP,PSSP,Exclusion,1,2,1,14.7,0.5,L,17-Oct-18,15.1
120,PSSP,PSSP,Control,1,2,1,14.7,0.5,L,17-Oct-18,16.9
121,POSE,ARTR,Feedback,1,3,1,20.6,1,L,15-Oct-18,11.5
122,POSE,ARTR,Exclusion,1,3,1,20.6,1,L,15-Oct-18,10.4
123,POSE,ARTR,Control,1,3,1,20.6,1,L,15-Oct-18,13.1
124,POSE,HECO,Feedback,1,3,1,20.6,1,L,18-Oct-18,11.1
125,POSE,HECO,Exclusion,1,3,1,20.6,1,L,18-Oct-18,11.4
126,POSE,HECO,Control,1,3,1,20.6,1,L,18-Oct-18,12.5
127,POSE,PSSP,Feedback,1,3,1,20.6,1,L,17-Oct-18,12.6
128,POSE,PSSP,Exclusion,1,3,1,20.6,1,L,17-Oct-18,10
129,POSE,PSSP,Control,1,3,1,20.6,1,L,17-Oct-18,12.1
130,POSE,POSE,Feedback,1,3,1,20.6,1,L,16-Oct-18,12.3
131,POSE,POSE,Exclusion,1,3,1,20.6,1,L,16-Oct-18,12.5
132,POSE,POSE,Control,1,3,1,20.6,1,L,16-Oct-18,12
133,BARE,ARTR,Feedback,1,3,1,21.8,6,L,15-Oct-18,12.5
134,BARE,ARTR,Exclusion,1,3,1,21.8,6,L,15-Oct-18,10
135,BARE,ARTR,Control,1,3,1,21.8,6,L,15-Oct-18,7.7
136,BARE,HECO,Feedback,1,3,1,21.8,6,L,18-Oct-18,13
137,BARE,HECO,Exclusion,1,3,1,21.8,6,L,18-Oct-18,11.3
138,BARE,HECO,Control,1,3,1,21.8,6,L,18-Oct-18,13
139,BARE,PSSP,Feedback,1,3,1,21.8,6,L,17-Oct-18,12.3
140,BARE,PSSP,Exclusion,1,3,1,21.8,6,L,17-Oct-18,10.9
141,BARE,PSSP,Control,1,3,1,21.8,6,L,17-Oct-18,12.2
142,BARE,POSE,Feedback,1,3,1,21.8,6,L,16-Oct-18,13.6
143,BARE,POSE,Exclusion,1,3,1,21.8,6,L,16-Oct-18,12.1
144,BARE,POSE,Control,1,3,1,21.8,6,L,16-Oct-18,13.5
145,PSSP,ARTR,Feedback,1,3,1,24,2,R,15-Oct-18,15.9
146,PSSP,ARTR,Exclusion,1,3,1,24,2,R,15-Oct-18,15.3
147,PSSP,ARTR,Control,1,3,1,24,2,R,15-Oct-18,14.9
148,PSSP,HECO,Feedback,1,3,1,24,2,R,18-Oct-18,12.2
149,PSSP,HECO,Exclusion,1,3,1,24,2,R,18-Oct-18,12.6
150,PSSP,HECO,Control,1,3,1,24,2,R,18-Oct-18,16.9
151,ARTR,ARTR,Feedback,1,3,1,24.8,0.5,L,15-Oct-18,12.5
152,ARTR,ARTR,Exclusion,1,3,1,24.8,0.5,L,15-Oct-18,13.5
153,ARTR,ARTR,Control,1,3,1,24.8,0.5,L,15-Oct-18,13.9
154,ARTR,HECO,Feedback,1,3,1,24.8,0.5,L,18-Oct-18,11.9
155,ARTR,HECO,Exclusion,1,3,1,24.8,0.5,L,18-Oct-18,1.7
156,ARTR,HECO,Control,1,3,1,24.8,0.5,L,18-Oct-18,15.1
157,ARTR,PSSP,Feedback,1,3,1,24.8,0.5,L,17-Oct-18,12.4
158,ARTR,PSSP,Exclusion,1,3,1,24.8,0.5,L,17-Oct-18,12.2
159,ARTR,PSSP,Control,1,3,1,24.8,0.5,L,17-Oct-18,10.1
160,ARTR,POSE,Feedback,1,3,1,24.8,0.5,L,16-Oct-18,10.4
161,ARTR,POSE,Exclusion,1,3,1,24.8,0.5,L,16-Oct-18,11.8
162,ARTR,POSE,Control,1,3,1,24.8,0.5,L,16-Oct-18,12.5
163,PSSP,PSSP,Feedback,1,3,1,25,2,R,17-Oct-18,14.6
164,PSSP,PSSP,Exclusion,1,3,1,25,2,R,17-Oct-18,14
165,PSSP,PSSP,Control,1,3,1,25,2,R,17-Oct-18,14.7
166,PSSP,POSE,Feedback,1,3,1,25,2,R,16-Oct-18,10.8
167,PSSP,POSE,Exclusion,1,3,1,25,2,R,16-Oct-18,12.4
168,PSSP,POSE,Control,1,3,1,25,2,R,16-Oct-18,10.7
169,PSSP,ARTR,Feedback,1,4,1,27,5,L,15-Oct-18,8.9
170,PSSP,ARTR,Exclusion,1,4,1,27,5,L,15-Oct-18,9.5
171,PSSP,ARTR,Control,1,4,1,27,5,L,15-Oct-18,10
172,PSSP,HECO,Feedback,1,4,1,27,5,L,18-Oct-18,9.5
173,PSSP,HECO,Exclusion,1,4,1,27,5,L,18-Oct-18,8
174,PSSP,HECO,Control,1,4,1,27,5,L,18-Oct-18,11.5
175,PSSP,PSSP,Feedback,1,4,1,27,5,L,17-Oct-18,11.8
176,PSSP,PSSP,Exclusion,1,4,1,27,5,L,17-Oct-18,10.1
177,PSSP,PSSP,Control,1,4,1,27,5,L,17-Oct-18,9.5
178,PSSP,POSE,Feedback,1,4,1,27,5,L,16-Oct-18,10.1
179,PSSP,POSE,Exclusion,1,4,1,27,5,L,16-Oct-18,7.8
180,PSSP,POSE,Control,1,4,1,27,5,L,16-Oct-18,9.8
181,POSE,ARTR,Feedback,1,4,1,27,5,R,15-Oct-18,11.8
182,POSE,ARTR,Exclusion,1,4,1,27,5,R,15-Oct-18,13.7
183,POSE,ARTR,Control,1,4,1,27,5,R,15-Oct-18,16.8
184,POSE,HECO,Feedback,1,4,1,27,5,R,18-Oct-18,13.8
185,POSE,HECO,Exclusion,1,4,1,27,5,R,18-Oct-18,15.3
186,POSE,HECO,Control,1,4,1,27,5,R,18-Oct-18,16.3
187,POSE,PSSP,Feedback,1,4,1,27,5,R,17-Oct-18,12.8
188,POSE,PSSP,Exclusion,1,4,1,27,5,R,17-Oct-18,11.3
189,POSE,PSSP,Control,1,4,1,27,5,R,17-Oct-18,11.1
190,POSE,POSE,Feedback,1,4,1,27,5,R,16-Oct-18,8.2
191,POSE,POSE,Exclusion,1,4,1,27,5,R,16-Oct-18,7.9
192,POSE,POSE,Control,1,4,1,27,5,R,16-Oct-18,5.7
193,ARTR,ARTR,Feedback,1,4,1,27.8,1,L,15-Oct-18,9
194,ARTR,ARTR,Exclusion,1,4,1,27.8,1,L,15-Oct-18,8.9
195,ARTR,ARTR,Control,1,4,1,27.8,1,L,15-Oct-18,11.4
196,ARTR,HECO,Feedback,1,4,1,27.8,1,L,18-Oct-18,14.5
197,ARTR,HECO,Exclusion,1,4,1,27.8,1,L,18-Oct-18,10.7
198,ARTR,HECO,Control,1,4,1,27.8,1,L,18-Oct-18,10.6
199,ARTR,PSSP,Feedback,1,4,1,27.8,1,L,17-Oct-18,11.5
200,ARTR,PSSP,Exclusion,1,4,1,27.8,1,L,17-Oct-18,14.1
201,ARTR,PSSP,Control,1,4,1,27.8,1,L,17-Oct-18,14.4
202,ARTR,POSE,Feedback,1,4,1,27.8,1,L,16-Oct-18,11.8
203,ARTR,POSE,Exclusion,1,4,1,27.8,1,L,16-Oct-18,14.1
204,ARTR,POSE,Control,1,4,1,27.8,1,L,16-Oct-18,13.5
205,BARE,ARTR,Feedback,1,4,1,28.5,3,R,15-Oct-18,11.7
206,BARE,ARTR,Exclusion,1,4,1,28.5,3,R,15-Oct-18,10.8
207,BARE,ARTR,Control,1,4,1,28.5,3,R,15-Oct-18,10.4
208,BARE,HECO,Feedback,1,4,1,28.5,3,R,18-Oct-18,9.9
209,BARE,HECO,Exclusion,1,4,1,28.5,3,R,18-Oct-18,11.4
210,BARE,HECO,Control,1,4,1,28.5,3,R,18-Oct-18,11.1
211,BARE,PSSP,Feedback,1,4,1,28.5,3,R,17-Oct-18,9.1
212,BARE,PSSP,Exclusion,1,4,1,28.5,3,R,17-Oct-18,11.6
213,BARE,PSSP,Control,1,4,1,28.5,3,R,17-Oct-18,10.7
214,BARE,POSE,Feedback,1,4,1,28.5,3,R,16-Oct-18,8.8
215,BARE,POSE,Exclusion,1,4,1,28.5,3,R,16-Oct-18,9.3
216,BARE,POSE,Control,1,4,1,28.5,3,R,16-Oct-18,12.2
217,HECO,ARTR,Feedback,1,3,1,30.3,6,L,15-Oct-18,7.5
218,HECO,ARTR,Exclusion,1,3,1,30.3,6,L,15-Oct-18,7
219,HECO,ARTR,Control,1,3,1,30.3,6,L,15-Oct-18,5.1
220,HECO,HECO,Feedback,1,3,1,30.3,6,L,18-Oct-18,10.1
221,HECO,HECO,Exclusion,1,3,1,30.3,6,L,18-Oct-18,9.4
222,HECO,HECO,Control,1,3,1,30.3,6,L,18-Oct-18,12.4
223,HECO,PSSP,Feedback,1,3,1,30.3,6,L,17-Oct-18,10.7
224,HECO,PSSP,Exclusion,1,3,1,30.3,6,L,17-Oct-18,12.1
225,HECO,PSSP,Control,1,3,1,30.3,6,L,17-Oct-18,11
226,HECO,POSE,Feedback,1,3,1,30.3,6,L,16-Oct-18,13.1
227,HECO,POSE,Exclusion,1,3,1,30.3,6,L,16-Oct-18,11
228,HECO,POSE,Control,1,3,1,30.3,6,L,16-Oct-18,11.3
229,HECO,PSSP,Feedback,1,4,1,32.5,2,R,17-Oct-18,14
230,HECO,PSSP,Exclusion,1,4,1,32.5,2,R,17-Oct-18,13.6
231,HECO,PSSP,Control,1,4,1,32.5,2,R,17-Oct-18,15
232,HECO,POSE,Feedback,1,4,1,32.5,2,R,16-Oct-18,16.6
233,HECO,POSE,Exclusion,1,4,1,32.5,2,R,16-Oct-18,14.6
234,HECO,POSE,Control,1,4,1,32.5,2,R,16-Oct-18,15.6
235,HECO,ARTR,Feedback,1,4,1,33,0,,15-Oct-18,13.3
236,HECO,ARTR,Exclusion,1,4,1,33,0,,15-Oct-18,13.5
237,HECO,ARTR,Control,1,4,1,33,0,,15-Oct-18,14.6
238,HECO,HECO,Feedback,1,4,1,33,0,,18-Oct-18,15.6
239,HECO,HECO,Exclusion,1,4,1,33,0,,18-Oct-18,13.8
240,HECO,HECO,Control,1,4,1,33,0,,18-Oct-18,12.5
241,HECO,ARTR,Feedback,2,5,2,5.2,4,R,15-Oct-18,16.1
242,HECO,ARTR,Exclusion,2,5,2,5.2,4,R,15-Oct-18,14.4
243,HECO,ARTR,Control,2,5,2,5.2,4,R,15-Oct-18,15.3
244,HECO,HECO,Feedback,2,5,2,5.2,4,R,18-Oct-18,13.8
245,HECO,HECO,Exclusion,2,5,2,5.2,4,R,18-Oct-18,16.1
246,HECO,HECO,Control,2,5,2,5.2,4,R,18-Oct-18,12.1
247,HECO,PSSP,Feedback,2,5,2,5.2,4,R,17-Oct-18,11.8
248,HECO,PSSP,Exclusion,2,5,2,5.2,4,R,17-Oct-18,15.1
249,HECO,PSSP,Control,2,5,2,5.2,4,R,17-Oct-18,12.2
250,HECO,POSE,Feedback,2,5,2,5.2,4,R,16-Oct-18,13.2
251,HECO,POSE,Exclusion,2,5,2,5.2,4,R,16-Oct-18,11.7
252,HECO,POSE,Control,2,5,2,5.2,4,R,16-Oct-18,15
253,PSSP,ARTR,Feedback,2,5,2,6,3,R,15-Oct-18,13
254,PSSP,ARTR,Exclusion,2,5,2,6,3,R,15-Oct-18,14.9
255,PSSP,ARTR,Control,2,5,2,6,3,R,15-Oct-18,13.7
256,PSSP,HECO,Feedback,2,5,2,6,3,R,18-Oct-18,10.6
257,PSSP,HECO,Exclusion,2,5,2,6,3,R,18-Oct-18,11.5
258,PSSP,HECO,Control,2,5,2,6,3,R,18-Oct-18,11.5
259,PSSP,PSSP,Feedback,2,5,2,6.2,3,R,17-Oct-18,9.8
260,PSSP,PSSP,Exclusion,2,5,2,6.2,3,R,17-Oct-18,8.7
261,PSSP,PSSP,Control,2,5,2,6.2,3,R,17-Oct-18,10.3
262,PSSP,POSE,Feedback,2,5,2,6.2,3,R,16-Oct-18,9.8
263,PSSP,POSE,Exclusion,2,5,2,6.2,3,R,16-Oct-18,6.2
264,PSSP,POSE,Control,2,5,2,6.2,3,R,16-Oct-18,9.5
265,BARE,ARTR,Feedback,2,5,2,7,4,L,15-Oct-18,7.7
266,BARE,ARTR,Exclusion,2,5,2,7,4,L,15-Oct-18,11.1
267,BARE,ARTR,Control,2,5,2,7,4,L,15-Oct-18,12.1
268,BARE,HECO,Feedback,2,5,2,7,4,L,18-Oct-18,9.7
269,BARE,HECO,Exclusion,2,5,2,7,4,L,18-Oct-18,12
270,BARE,HECO,Control,2,5,2,7,4,L,18-Oct-18,10.7
271,BARE,PSSP,Feedback,2,5,2,7,4,L,17-Oct-18,13.2
272,BARE,PSSP,Exclusion,2,5,2,7,4,L,17-Oct-18,13.2
273,BARE,PSSP,Control,2,5,2,7,4,L,17-Oct-18,7.9
274,BARE,POSE,Feedback,2,5,2,7,4,L,16-Oct-18,8.3
275,BARE,POSE,Exclusion,2,5,2,7,4,L,16-Oct-18,9.2
276,BARE,POSE,Control,2,5,2,7,4,L,16-Oct-18,12
277,POSE,ARTR,Feedback,2,5,2,7.1,0.5,L,15-Oct-18,10.3
278,POSE,ARTR,Exclusion,2,5,2,7.1,0.5,L,15-Oct-18,13.1
279,POSE,ARTR,Control,2,5,2,7.1,0.5,L,15-Oct-18,14.5
280,POSE,HECO,Feedback,2,5,2,7.1,0.5,L,18-Oct-18,8.6
281,POSE,HECO,Exclusion,2,5,2,7.1,0.5,L,18-Oct-18,9.3
282,POSE,HECO,Control,2,5,2,7.1,0.5,L,18-Oct-18,12.4
283,POSE,PSSP,Feedback,2,5,2,7.1,0.5,L,17-Oct-18,10.8
284,POSE,PSSP,Exclusion,2,5,2,7.1,0.5,L,17-Oct-18,10.7
285,POSE,PSSP,Control,2,5,2,7.1,0.5,L,17-Oct-18,12.6
286,POSE,POSE,Feedback,2,5,2,7.1,0.5,L,16-Oct-18,12.5
287,POSE,POSE,Exclusion,2,5,2,7.1,0.5,L,16-Oct-18,8.4
288,POSE,POSE,Control,2,5,2,7.1,0.5,L,16-Oct-18,7.9
289,ARTR,ARTR,Feedback,2,5,2,8.9,0,,15-Oct-18,5.1
290,ARTR,ARTR,Exclusion,2,5,2,8.9,0,,15-Oct-18,11.6
291,ARTR,ARTR,Control,2,5,2,8.9,0,,15-Oct-18,8
292,ARTR,HECO,Feedback,2,5,2,8.9,0,,18-Oct-18,10.8
293,ARTR,HECO,Exclusion,2,5,2,8.9,0,,18-Oct-18,6.2
294,ARTR,HECO,Control,2,5,2,8.9,0,,18-Oct-18,12.5
295,ARTR,PSSP,Feedback,2,5,2,8.9,0,,17-Oct-18,11.1
296,ARTR,PSSP,Exclusion,2,5,2,8.9,0,,17-Oct-18,14.2
297,ARTR,PSSP,Control,2,5,2,8.9,0,,17-Oct-18,14.5
298,ARTR,POSE,Feedback,2,5,2,8.9,0,,16-Oct-18,12.4
299,ARTR,POSE,Exclusion,2,5,2,8.9,0,,16-Oct-18,14.4
300,ARTR,POSE,Control,2,5,2,8.9,0,,16-Oct-18,14.8
301,POSE,ARTR,Feedback,2,6,2,10,1,R,15-Oct-18,9.8
302,POSE,ARTR,Exclusion,2,6,2,10,1,R,15-Oct-18,10.8
303,POSE,ARTR,Control,2,6,2,10,1,R,15-Oct-18,16
304,POSE,HECO,Feedback,2,6,2,10,1,R,18-Oct-18,5.8
305,POSE,HECO,Exclusion,2,6,2,10,1,R,18-Oct-18,12.6
306,POSE,HECO,Control,2,6,2,10,1,R,18-Oct-18,14.2
307,POSE,PSSP,Feedback,2,6,2,10,1,R,17-Oct-18,11.1
308,POSE,PSSP,Exclusion,2,6,2,10,1,R,17-Oct-18,10.9
309,POSE,PSSP,Control,2,6,2,10,1,R,17-Oct-18,10.8
310,POSE,POSE,Feedback,2,6,2,10,1,R,16-Oct-18,10.4
311,POSE,POSE,Exclusion,2,6,2,10,1,R,16-Oct-18,13
312,POSE,POSE,Control,2,6,2,10,1,R,16-Oct-18,16.1
313,ARTR,ARTR,Feedback,2,6,2,11.2,5,L,15-Oct-18,14.6
314,ARTR,ARTR,Exclusion,2,6,2,11.2,5,L,15-Oct-18,8.5
315,ARTR,ARTR,Control,2,6,2,11.2,5,L,15-Oct-18,13.5
316,ARTR,HECO,Feedback,2,6,2,11.2,5,L,18-Oct-18,17.6
317,ARTR,HECO,Exclusion,2,6,2,11.2,5,L,18-Oct-18,14.2
318,ARTR,HECO,Control,2,6,2,11.2,5,L,18-Oct-18,15.3
319,ARTR,PSSP,Feedback,2,6,2,11.2,5,L,17-Oct-18,12.8
320,ARTR,PSSP,Exclusion,2,6,2,11.2,5,L,17-Oct-18,14.7
321,ARTR,PSSP,Control,2,6,2,11.2,5,L,17-Oct-18,12.5
322,ARTR,POSE,Feedback,2,6,2,11.2,5,L,16-Oct-18,11.4
323,ARTR,POSE,Exclusion,2,6,2,11.2,5,L,16-Oct-18,8.3
324,ARTR,POSE,Control,2,6,2,11.2,5,L,16-Oct-18,12
325,BARE,ARTR,Feedback,2,6,2,12.5,0,,15-Oct-18,12.2
326,BARE,ARTR,Exclusion,2,6,2,12.5,0,,15-Oct-18,13
327,BARE,ARTR,Control,2,6,2,12.5,0,,15-Oct-18,12.5
328,BARE,HECO,Feedback,2,6,2,12.5,0,,18-Oct-18,9.8
329,BARE,HECO,Exclusion,2,6,2,12.5,0,,18-Oct-18,10.2
330,BARE,HECO,Control,2,6,2,12.5,0,,18-Oct-18,5.7
331,BARE,PSSP,Feedback,2,6,2,12.5,0,,17-Oct-18,8.3
332,BARE,PSSP,Exclusion,2,6,2,12.5,0,,17-Oct-18,10.7
333,BARE,PSSP,Control,2,6,2,12.5,0,,17-Oct-18,12.5
334,BARE,POSE,Feedback,2,6,2,12.5,0,,16-Oct-18,11.9
335,BARE,POSE,Exclusion,2,6,2,12.5,0,,16-Oct-18,13.6
336,BARE,POSE,Control,2,6,2,12.5,0,,16-Oct-18,11.6
337,PSSP,ARTR,Feedback,2,6,2,16.3,4,L,15-Oct-18,10.2
338,PSSP,ARTR,Exclusion,2,6,2,16.3,4,L,15-Oct-18,13.3
339,PSSP,ARTR,Control,2,6,2,16.3,4,L,15-Oct-18,12.8
340,PSSP,HECO,Feedback,2,6,2,16.3,4,L,18-Oct-18,8.8
341,PSSP,HECO,Exclusion,2,6,2,16.3,4,L,18-Oct-18,14
342,PSSP,HECO,Control,2,6,2,16.3,4,L,18-Oct-18,11
343,PSSP,PSSP,Feedback,2,6,2,16.3,4,L,17-Oct-18,11.3
344,PSSP,PSSP,Exclusion,2,6,2,16.3,4,L,17-Oct-18,14.4
345,PSSP,PSSP,Control,2,6,2,16.3,4,L,17-Oct-18,12.5
346,PSSP,POSE,Feedback,2,6,2,16.3,4,L,16-Oct-18,11.8
347,PSSP,POSE,Exclusion,2,6,2,16.3,4,L,16-Oct-18,12.3
348,PSSP,POSE,Control,2,6,2,16.3,4,L,16-Oct-18,12.7
349,HECO,ARTR,Feedback,2,6,2,6,3,R,15-Oct-18,14.7
350,HECO,ARTR,Exclusion,2,6,2,6,3,R,15-Oct-18,16.5
351,HECO,ARTR,Control,2,6,2,6,3,R,15-Oct-18,17.5
352,HECO,HECO,Feedback,2,6,2,6,3,R,18-Oct-18,14.7
353,HECO,HECO,Exclusion,2,6,2,6,3,R,18-Oct-18,14.4
354,HECO,HECO,Control,2,6,2,6,3,R,18-Oct-18,12.6
355,HECO,PSSP,Feedback,2,6,2,6,3,R,17-Oct-18,9.6
356,HECO,PSSP,Exclusion,2,6,2,6,3,R,17-Oct-18,12.6
357,HECO,PSSP,Control,2,6,2,6,3,R,17-Oct-18,16.4
358,HECO,POSE,Feedback,2,6,2,6,3,R,16-Oct-18,11.2
359,HECO,POSE,Exclusion,2,6,2,6,3,R,16-Oct-18,13.2
360,HECO,POSE,Control,2,6,2,6,3,R,16-Oct-18,15.3
361,PSSP,ARTR,Feedback,3,7,3,1.8,3,L,15-Oct-18,9.9
362,PSSP,ARTR,Exclusion,3,7,3,1.8,3,L,15-Oct-18,11.8
363,PSSP,ARTR,Control,3,7,3,1.8,3,L,15-Oct-18,15
364,PSSP,HECO,Feedback,3,7,3,1.8,3,L,18-Oct-18,13
365,PSSP,HECO,Exclusion,3,7,3,1.8,3,L,18-Oct-18,11.6
366,PSSP,HECO,Control,3,7,3,1.8,3,L,18-Oct-18,14.5
367,PSSP,PSSP,Feedback,3,7,3,1.8,3,L,17-Oct-18,11.3
368,PSSP,PSSP,Exclusion,3,7,3,1.8,3,L,17-Oct-18,12.3
369,PSSP,PSSP,Control,3,7,3,1.8,3,L,17-Oct-18,11.4
370,PSSP,POSE,Feedback,3,7,3,1.8,3,L,16-Oct-18,10.8
371,PSSP,POSE,Exclusion,3,7,3,1.8,3,L,16-Oct-18,8.4
372,PSSP,POSE,Control,3,7,3,1.8,3,L,16-Oct-18,12.9
373,HECO,ARTR,Feedback,3,7,3,1.8,7,L,15-Oct-18,15.8
374,HECO,ARTR,Exclusion,3,7,3,1.8,7,L,15-Oct-18,11
375,HECO,ARTR,Control,3,7,3,1.8,7,L,15-Oct-18,11.3
376,HECO,HECO,Feedback,3,7,3,1.8,7,L,18-Oct-18,7.2
377,HECO,HECO,Exclusion,3,7,3,1.8,7,L,18-Oct-18,11.3
378,HECO,HECO,Control,3,7,3,1.8,7,L,18-Oct-18,14.7
379,HECO,PSSP,Feedback,3,7,3,1.8,7,L,17-Oct-18,11.8
380,HECO,PSSP,Exclusion,3,7,3,1.8,7,L,17-Oct-18,12.4
381,HECO,PSSP,Control,3,7,3,1.8,7,L,17-Oct-18,13.5
382,HECO,POSE,Feedback,3,7,3,1.8,7,L,16-Oct-18,15.6
383,HECO,POSE,Exclusion,3,7,3,1.8,7,L,16-Oct-18,8.6
384,HECO,POSE,Control,3,7,3,1.8,7,L,16-Oct-18,14.8
385,POSE,ARTR,Feedback,3,7,3,1.8,2.5,R,15-Oct-18,7.8
386,POSE,ARTR,Exclusion,3,7,3,1.8,2.5,R,15-Oct-18,11.8
387,POSE,ARTR,Control,3,7,3,1.8,2.5,R,15-Oct-18,12.4
388,POSE,HECO,Feedback,3,7,3,1.8,2.5,R,18-Oct-18,10.2
389,POSE,HECO,Exclusion,3,7,3,1.8,2.5,R,18-Oct-18,12.2
390,POSE,HECO,Control,3,7,3,1.8,2.5,R,18-Oct-18,13.1
391,POSE,PSSP,Feedback,3,7,3,3.9,1,L,17-Oct-18,9.6
392,POSE,PSSP,Exclusion,3,7,3,3.9,1,L,17-Oct-18,10.2
393,POSE,PSSP,Control,3,7,3,3.9,1,L,17-Oct-18,13.9
394,POSE,POSE,Feedback,3,7,3,3.9,1,L,16-Oct-18,14.6
395,POSE,POSE,Exclusion,3,7,3,3.9,1,L,16-Oct-18,7
396,POSE,POSE,Control,3,7,3,3.9,1,L,16-Oct-18,13.8
397,ARTR,ARTR,Feedback,3,7,3,6.3,0,,16-Oct-18,13.7
398,ARTR,ARTR,Exclusion,3,7,3,6.3,0,,16-Oct-18,8.3
399,ARTR,ARTR,Control,3,7,3,6.3,0,,16-Oct-18,6
400,ARTR,HECO,Feedback,3,7,3,6.3,0,,18-Oct-18,8.9
401,ARTR,HECO,Exclusion,3,7,3,6.3,0,,18-Oct-18,10.1
402,ARTR,HECO,Control,3,7,3,6.3,0,,18-Oct-18,13.6
403,ARTR,PSSP,Feedback,3,7,3,6.3,0,,18-Oct-18,9.6
404,ARTR,PSSP,Exclusion,3,7,3,6.3,0,,18-Oct-18,10.2
405,ARTR,PSSP,Control,3,7,3,6.3,0,,18-Oct-18,12.9
406,ARTR,POSE,Feedback,3,7,3,6.3,0,,17-Oct-18,6.7
407,ARTR,POSE,Exclusion,3,7,3,6.3,0,,17-Oct-18,12.1
408,ARTR,POSE,Control,3,7,3,6.3,0,,17-Oct-18,9.1
409,BARE,ARTR,Feedback,3,7,3,6.5,1,L,16-Oct-18,15.8
410,BARE,ARTR,Exclusion,3,7,3,6.5,1,L,16-Oct-18,13.8
411,BARE,ARTR,Control,3,7,3,6.5,1,L,16-Oct-18,12.3
412,BARE,HECO,Feedback,3,7,3,6.5,1,L,18-Oct-18,10.8
413,BARE,HECO,Exclusion,3,7,3,6.5,1,L,18-Oct-18,16.3
414,BARE,HECO,Control,3,7,3,6.5,1,L,18-Oct-18,15.9
415,BARE,PSSP,Feedback,3,7,3,6.5,1,L,18-Oct-18,11.5
416,BARE,PSSP,Exclusion,3,7,3,6.5,1,L,18-Oct-18,13.4
417,BARE,PSSP,Control,3,7,3,6.5,1,L,18-Oct-18,10
418,BARE,POSE,Feedback,3,7,3,6.5,1,L,17-Oct-18,12.4
419,BARE,POSE,Exclusion,3,7,3,6.5,1,L,17-Oct-18,11.8
420,BARE,POSE,Control,3,7,3,6.5,1,L,17-Oct-18,9.7
421,POSE,ARTR,Feedback,3,8,3,9.2,2.5,L,16-Oct-18,8
422,POSE,ARTR,Exclusion,3,8,3,9.2,2.5,L,16-Oct-18,10.6
423,POSE,ARTR,Control,3,8,3,9.2,2.5,L,16-Oct-18,10.8
424,POSE,HECO,Feedback,3,8,3,9.2,2.5,L,18-Oct-18,7.1
425,POSE,HECO,Exclusion,3,8,3,9.2,2.5,L,18-Oct-18,11.2
426,POSE,HECO,Control,3,8,3,9.2,2.5,L,18-Oct-18,13.7
427,POSE,PSSP,Feedback,3,8,3,11,2,L,18-Oct-18,12.3
428,POSE,PSSP,Exclusion,3,8,3,11,2,L,18-Oct-18,13.1
429,POSE,PSSP,Control,3,8,3,11,2,L,18-Oct-18,10.2
430,POSE,POSE,Feedback,3,8,3,11,2,L,17-Oct-18,15.6
431,POSE,POSE,Exclusion,3,8,3,11,2,L,17-Oct-18,12.4
432,POSE,POSE,Control,3,8,3,11,2,L,17-Oct-18,7.6
433,BARE,ARTR,Feedback,3,8,3,12,7,L,16-Oct-18,16.2
434,BARE,ARTR,Exclusion,3,8,3,12,7,L,16-Oct-18,15
435,BARE,ARTR,Control,3,8,3,12,7,L,16-Oct-18,13.7
436,BARE,HECO,Feedback,3,8,3,12,7,L,18-Oct-18,16.2
437,BARE,HECO,Exclusion,3,8,3,12,7,L,18-Oct-18,15.1
438,BARE,HECO,Control,3,8,3,12,7,L,18-Oct-18,16.1
439,BARE,PSSP,Feedback,3,8,3,12,7,L,18-Oct-18,14.1
440,BARE,PSSP,Exclusion,3,8,3,12,7,L,18-Oct-18,14
441,BARE,PSSP,Control,3,8,3,12,7,L,18-Oct-18,17.1
442,BARE,POSE,Feedback,3,8,3,12,7,L,17-Oct-18,16.9
443,BARE,POSE,Exclusion,3,8,3,12,7,L,17-Oct-18,17.8
444,BARE,POSE,Control,3,8,3,12,7,L,17-Oct-18,17.7
445,ARTR,ARTR,Feedback,3,8,3,13.3,5,L,16-Oct-18,11.9
446,ARTR,ARTR,Exclusion,3,8,3,13.3,5,L,16-Oct-18,13.9
447,ARTR,ARTR,Control,3,8,3,13.3,5,L,16-Oct-18,14.9
448,ARTR,HECO,Feedback,3,8,3,13.3,5,L,18-Oct-18,13.2
449,ARTR,HECO,Exclusion,3,8,3,13.3,5,L,18-Oct-18,12.3
450,ARTR,HECO,Control,3,8,3,13.3,5,L,18-Oct-18,15.1
451,ARTR,PSSP,Feedback,3,8,3,13.3,5,L,18-Oct-18,13.3
452,ARTR,PSSP,Exclusion,3,8,3,13.3,5,L,18-Oct-18,13.9
453,ARTR,PSSP,Control,3,8,3,13.3,5,L,18-Oct-18,16.3
454,ARTR,POSE,Feedback,3,8,3,13.3,5,L,17-Oct-18,18.2
455,ARTR,POSE,Exclusion,3,8,3,13.3,5,L,17-Oct-18,13.2
456,ARTR,POSE,Control,3,8,3,13.3,5,L,17-Oct-18,15.8
457,PSSP,ARTR,Feedback,3,8,3,13.9,0.5,L,16-Oct-18,16.6
458,PSSP,ARTR,Exclusion,3,8,3,13.9,0.5,L,16-Oct-18,14.3
459,PSSP,ARTR,Control,3,8,3,13.9,0.5,L,16-Oct-18,11.3
460,PSSP,HECO,Feedback,3,8,3,13.9,0.5,L,18-Oct-18,9.7
461,PSSP,HECO,Exclusion,3,8,3,13.9,0.5,L,18-Oct-18,12
462,PSSP,HECO,Control,3,8,3,13.9,0.5,L,18-Oct-18,13.9
463,PSSP,PSSP,Feedback,3,8,3,13.9,0.5,L,18-Oct-18,11.8
464,PSSP,PSSP,Exclusion,3,8,3,13.9,0.5,L,18-Oct-18,9.7
465,PSSP,PSSP,Control,3,8,3,13.9,0.5,L,18-Oct-18,14.9
466,PSSP,POSE,Feedback,3,8,3,13.9,0.5,L,17-Oct-18,11.4
467,PSSP,POSE,Exclusion,3,8,3,13.9,0.5,L,17-Oct-18,13
468,PSSP,POSE,Control,3,8,3,13.9,0.5,L,17-Oct-18,13.3
469,HECO,ARTR,Feedback,3,8,3,17,6,L,16-Oct-18,14.5
470,HECO,ARTR,Exclusion,3,8,3,17,6,L,16-Oct-18,14.7
471,HECO,ARTR,Control,3,8,3,17,6,L,16-Oct-18,14.8
472,HECO,HECO,Feedback,3,8,3,17,6,L,18-Oct-18,11.1
473,HECO,HECO,Exclusion,3,8,3,17,6,L,18-Oct-18,17
474,HECO,HECO,Control,3,8,3,17,6,L,18-Oct-18,12.5
475,HECO,PSSP,Feedback,3,8,3,17,6,L,18-Oct-18,13.8
476,HECO,PSSP,Exclusion,3,8,3,17,6,L,18-Oct-18,18
477,HECO,PSSP,Control,3,8,3,17,6,L,18-Oct-18,17.4
478,HECO,POSE,Feedback,3,8,3,17,6,L,17-Oct-18,14
479,HECO,POSE,Exclusion,3,8,3,17,6,L,17-Oct-18,15.4
480,HECO,POSE,Control,3,8,3,17,6,L,17-Oct-18,17.4
481,HECO,ARTR,Feedback,3,9,3,19,2,L,16-Oct-18,11.3
482,HECO,ARTR,Exclusion,3,9,3,19,2,L,16-Oct-18,10.9
483,HECO,ARTR,Control,3,9,3,19,2,L,16-Oct-18,14.7
484,HECO,HECO,Feedback,3,9,3,19,2,L,18-Oct-18,14.9
485,HECO,HECO,Exclusion,3,9,3,19,2,L,18-Oct-18,12.3
486,HECO,HECO,Control,3,9,3,19,2,L,18-Oct-18,16.1
487,HECO,PSSP,Feedback,3,9,3,19,2,L,18-Oct-18,16.4
488,HECO,PSSP,Exclusion,3,9,3,19,2,L,18-Oct-18,13.3
489,HECO,PSSP,Control,3,9,3,19,2,L,18-Oct-18,14.8
490,HECO,POSE,Feedback,3,9,3,19,2,L,17-Oct-18,14.8
491,HECO,POSE,Exclusion,3,9,3,19,2,L,17-Oct-18,14.3
492,HECO,POSE,Control,3,9,3,19,2,L,17-Oct-18,14.8
493,HECO,ARTR,Feedback,3,10,3,20,5,L,16-Oct-18,15
494,HECO,ARTR,Exclusion,3,10,3,20,5,L,16-Oct-18,11.3
495,HECO,ARTR,Control,3,10,3,20,5,L,16-Oct-18,14.8
496,HECO,HECO,Feedback,3,10,3,20,5,L,18-Oct-18,16.2
497,HECO,HECO,Exclusion,3,10,3,20,5,L,18-Oct-18,13.4
498,HECO,HECO,Control,3,10,3,20,5,L,18-Oct-18,14
499,HECO,PSSP,Feedback,3,10,3,20,5,L,18-Oct-18,15.8
500,HECO,PSSP,Exclusion,3,10,3,20,5,L,18-Oct-18,15.1
501,HECO,PSSP,Control,3,10,3,20,5,L,18-Oct-18,16
502,HECO,POSE,Feedback,3,10,3,20,5,L,17-Oct-18,13.3
503,HECO,POSE,Exclusion,3,10,3,20,5,L,17-Oct-18,14.3
504,HECO,POSE,Control,3,10,3,20,5,L,17-Oct-18,14.6
505,ARTR,ARTR,Feedback,3,9,3,22,3,R,16-Oct-18,7.6
506,ARTR,ARTR,Exclusion,3,9,3,22,3,R,16-Oct-18,9.1
507,ARTR,ARTR,Control,3,9,3,22,3,R,16-Oct-18,10.9
508,ARTR,HECO,Feedback,3,9,3,22,3,R,18-Oct-18,10.1
509,ARTR,HECO,Exclusion,3,9,3,22,3,R,18-Oct-18,8.4
510,ARTR,HECO,Control,3,9,3,22,3,R,18-Oct-18,11
511,ARTR,PSSP,Feedback,3,9,3,22,3,R,18-Oct-18,4
512,ARTR,PSSP,Exclusion,3,9,3,22,3,R,18-Oct-18,7.6
513,ARTR,PSSP,Control,3,9,3,22,3,R,18-Oct-18,6.2
514,ARTR,POSE,Feedback,3,9,3,22,3,R,17-Oct-18,5.9
515,ARTR,POSE,Exclusion,3,9,3,22,3,R,17-Oct-18,7
516,ARTR,POSE,Control,3,9,3,22,3,R,17-Oct-18,9.9
517,BARE,ARTR,Feedback,3,9,3,22,5,R,16-Oct-18,8
518,BARE,ARTR,Exclusion,3,9,3,22,5,R,16-Oct-18,8.2
519,BARE,ARTR,Control,3,9,3,22,5,R,16-Oct-18,8.7
520,BARE,HECO,Feedback,3,9,3,22,5,R,18-Oct-18,10.2
521,BARE,HECO,Exclusion,3,9,3,22,5,R,18-Oct-18,8.5
522,BARE,HECO,Control,3,9,3,22,5,R,18-Oct-18,9.9
523,BARE,PSSP,Feedback,3,9,3,22,5,R,18-Oct-18,9
524,BARE,PSSP,Exclusion,3,9,3,22,5,R,18-Oct-18,8.4
525,BARE,PSSP,Control,3,9,3,22,5,R,18-Oct-18,11
526,BARE,POSE,Feedback,3,9,3,22,5,R,17-Oct-18,8.7
527,BARE,POSE,Exclusion,3,9,3,22,5,R,17-Oct-18,11.7
528,BARE,POSE,Control,3,9,3,22,5,R,17-Oct-18,8.3
529,PSSP,ARTR,Feedback,3,9,3,22.3,1.5,R,16-Oct-18,14.1
530,PSSP,ARTR,Exclusion,3,9,3,22.3,1.5,R,16-Oct-18,9.6
531,PSSP,ARTR,Control,3,9,3,22.3,1.5,R,16-Oct-18,14
532,PSSP,HECO,Feedback,3,9,3,22.3,1.5,R,18-Oct-18,12.7
533,PSSP,HECO,Exclusion,3,9,3,22.3,1.5,R,18-Oct-18,12.7
534,PSSP,HECO,Control,3,9,3,22.3,1.5,R,18-Oct-18,15.1
535,PSSP,PSSP,Feedback,3,9,3,22.3,1.5,R,18-Oct-18,12.3
536,PSSP,PSSP,Exclusion,3,9,3,22.3,1.5,R,18-Oct-18,14
537,PSSP,PSSP,Control,3,9,3,22.3,1.5,R,18-Oct-18,14.2
538,PSSP,POSE,Feedback,3,9,3,22.3,1.5,R,17-Oct-18,15.4
539,PSSP,POSE,Exclusion,3,9,3,22.3,1.5,R,17-Oct-18,17.7
540,PSSP,POSE,Control,3,9,3,22.3,1.5,R,17-Oct-18,15.3
541,POSE,ARTR,Feedback,3,9,3,24,0.5,L,16-Oct-18,11.1
542,POSE,ARTR,Exclusion,3,9,3,24,0.5,L,16-Oct-18,10.6
543,POSE,ARTR,Control,3,9,3,24,0.5,L,16-Oct-18,13.1
544,POSE,HECO,Feedback,3,9,3,24,0.5,L,18-Oct-18,13.8
545,POSE,HECO,Exclusion,3,9,3,24,0.5,L,18-Oct-18,11.9
546,POSE,HECO,Control,3,9,3,24,0.5,L,18-Oct-18,12
547,POSE,PSSP,Feedback,3,9,3,24.5,1,L,18-Oct-18,13.2
548,POSE,PSSP,Exclusion,3,9,3,24.5,1,L,18-Oct-18,12.8
549,POSE,PSSP,Control,3,9,3,24.5,1,L,18-Oct-18,13
550,POSE,POSE,Feedback,3,9,3,24.5,1,L,17-Oct-18,9.7
551,POSE,POSE,Exclusion,3,9,3,24.5,1,L,17-Oct-18,10.5
552,POSE,POSE,Control,3,9,3,24.5,1,L,17-Oct-18,12.8
553,BARE,ARTR,Feedback,3,10,3,27,2,R,16-Oct-18,12.6
554,BARE,ARTR,Exclusion,3,10,3,27,2,R,16-Oct-18,11.9
555,BARE,ARTR,Control,3,10,3,27,2,R,16-Oct-18,13.8
556,BARE,HECO,Feedback,3,10,3,27,2,R,18-Oct-18,13.2
557,BARE,HECO,Exclusion,3,10,3,27,2,R,18-Oct-18,14.1
558,BARE,HECO,Control,3,10,3,27,2,R,18-Oct-18,14.7
559,BARE,PSSP,Feedback,3,10,3,27,2,R,18-Oct-18,15.1
560,BARE,PSSP,Exclusion,3,10,3,27,2,R,18-Oct-18,7.6
561,BARE,PSSP,Control,3,10,3,27,2,R,18-Oct-18,14.5
562,BARE,POSE,Feedback,3,10,3,27,2,R,17-Oct-18,14.3
563,BARE,POSE,Exclusion,3,10,3,27,2,R,17-Oct-18,15.4
564,BARE,POSE,Control,3,10,3,27,2,R,17-Oct-18,12
565,PSSP,ARTR,Feedback,3,10,3,30,1,L,16-Oct-18,16.1
566,PSSP,ARTR,Exclusion,3,10,3,30,1,L,16-Oct-18,14.6
567,PSSP,ARTR,Control,3,10,3,30,1,L,16-Oct-18,14.3
568,PSSP,HECO,Feedback,3,10,3,30,1,L,18-Oct-18,11.1
569,PSSP,HECO,Exclusion,3,10,3,30,1,L,18-Oct-18,15
570,PSSP,HECO,Control,3,10,3,30,1,L,18-Oct-18,15.8
571,PSSP,PSSP,Feedback,3,10,3,30,1,L,18-Oct-18,14.7
572,PSSP,PSSP,Exclusion,3,10,3,30,1,L,18-Oct-18,16.1
573,PSSP,PSSP,Control,3,10,3,30,1,L,18-Oct-18,15.5
574,PSSP,POSE,Feedback,3,10,3,30,1,L,17-Oct-18,15
575,PSSP,POSE,Exclusion,3,10,3,30,1,L,17-Oct-18,12
576,PSSP,POSE,Control,3,10,3,30,1,L,17-Oct-18,18.6
577,ARTR,ARTR,Feedback,3,10,3,34,4,L,16-Oct-18,11.6
578,ARTR,ARTR,Exclusion,3,10,3,34,4,L,16-Oct-18,15.1
579,ARTR,ARTR,Control,3,10,3,34,4,L,16-Oct-18,9.2
580,ARTR,HECO,Feedback,3,10,3,34,4,L,18-Oct-18,11.4
581,ARTR,HECO,Exclusion,3,10,3,34,4,L,18-Oct-18,11
582,ARTR,HECO,Control,3,10,3,34,4,L,18-Oct-18,8.2
583,ARTR,PSSP,Feedback,3,10,3,34,4,L,18-Oct-18,10.2
584,ARTR,PSSP,Exclusion,3,10,3,34,4,L,18-Oct-18,8.2
585,ARTR,PSSP,Control,3,10,3,34,4,L,18-Oct-18,12.9
586,ARTR,POSE,Feedback,3,10,3,34,4,L,17-Oct-18,9.9
587,ARTR,POSE,Exclusion,3,10,3,34,4,L,17-Oct-18,10.1
588,ARTR,POSE,Control,3,10,3,34,4,L,17-Oct-18,7.2
589,POSE,ARTR,Feedback,3,10,3,34,0,,16-Oct-18,8.4
590,POSE,ARTR,Exclusion,3,10,3,34,0,,16-Oct-18,9.3
591,POSE,ARTR,Control,3,10,3,34,0,,16-Oct-18,6.3
592,POSE,HECO,Feedback,3,10,3,34,0,,18-Oct-18,8.2
593,POSE,HECO,Exclusion,3,10,3,34,0,,18-Oct-18,7.7
594,POSE,HECO,Control,3,10,3,34,0,,18-Oct-18,6.9
595,POSE,PSSP,Feedback,3,10,3,34,0,,18-Oct-18,9.9
596,POSE,PSSP,Exclusion,3,10,3,34,0,,18-Oct-18,11.4
597,POSE,PSSP,Control,3,10,3,34,0,,18-Oct-18,11.3
598,POSE,POSE,Feedback,3,10,3,34,0,,17-Oct-18,10.6
599,POSE,POSE,Exclusion,3,10,3,34,0,,17-Oct-18,8.6
600,POSE,POSE,Control,3,10,3,34,0,,17-Oct-18,11.4
