fieldID,DonorSpp,Transplant,Treatment,Transect,Rep,Transect,Position,Offset,Side,Transplant date,Surv_181101,Surv_190424,Germ_190424,Dist_centroid,Dist_edge,Surv_190509,Germ_190509,Pull_190509,Moist_190509,Surv_190605,Germ_190605,Pull_190605,Moist_190605,Repro_190605,Fungus,Surv_190620,Repro_190620,Long_190620,Short_190620,Height_190620,Ruler,Surv_190630,Repro_190630,Abv.mass,Notes
1,PSSP,POSE,Feedback,1,1,1,3.2,2.5,L,16-Oct-18,1,1,3,14,8,1,6,6,19.7,1,0,0,12.8,,,1,0,0.97,0.29,7.4,Silver,1,0,0.0714,
2,PSSP,POSE,Exclusion,1,1,1,3.2,2.5,L,16-Oct-18,1,1,7,16,6,1,7,7,17,1,1,1,10.5,,,1,0,0.73,0.53,5.7,Silver,1,0,0.1234,"181101 grasshopper damage, but not enough to replace"
3,PSSP,POSE,Control,1,1,1,3.2,2.5,L,16-Oct-18,1,1,3,16,6,1,4,4,19.9,1,0,0,14.1,,,1,0,0.46,0.29,3.2,Silver,1,0,0.005,"181101 grasshopper damage, but not enough to replace"
4,BARE,ARTR,Feedback,1,1,1,4.7,1,L,15-Oct-18,3,0,3,,,1,3,2,17,1,0,0,13.4,,,1,0,0.21,0.21,1.6,Silver,0,0,0.0013,190502 one focal looks coming back to life
5,BARE,ARTR,Exclusion,1,1,1,4.7,1,L,15-Oct-18,3,2,4,,,1,3,3,16.1,1,0,0,14.1,,,1,0,2.14,1.5,4.2,Silver,1,0,0.0724,190502 pull 1 extra focal
6,BARE,ARTR,Control,1,1,1,4.7,1,L,15-Oct-18,3,0,2,,,0,1,0,20.2,0,0,0,13.6,,,0,0,,,,,0,0,,
7,BARE,HECO,Feedback,1,1,1,4.7,1,L,18-Oct-18,1,0,1,,,0,2,1,18.1,1,0,0,13,,,1,0,0.16,0.08,7.9,Silver,1,0,0.0366,
8,BARE,HECO,Exclusion,1,1,1,4.7,1,L,18-Oct-18,1,0,1,,,0,3,2,15.6,1,0,0,8.8,,,1,0,0.27,0.09,10.6,Silver,1,0,0.0499,190701 Extra Plant
9,BARE,HECO,Control,1,1,1,4.7,1,L,18-Oct-18,1,0,2,,,0,4,3,15.3,1,0,0,9.7,,,1,0,0.03,0.02,9.5,Silver,1,0,0.0113,
10,BARE,PSSP,Feedback,1,1,1,4.7,1,L,17-Oct-18,1,1,6,,,1,7,7,15.2,1,0,0,8.3,,,1,0,0.36,0.27,17.4,Silver,1,0,0.0654,
11,BARE,PSSP,Exclusion,1,1,1,4.7,1,L,17-Oct-18,1,1,8,,,1,9,9,14.1,1,0,0,10.9,,,1,0,0.71,0.43,17.5,Silver,1,0,0.1115,
12,BARE,PSSP,Control,1,1,1,4.7,1,L,17-Oct-18,1,1,6,,,1,7,7,15.1,1,0,0,9.2,,,1,0,0.17,0.07,17.3,Silver,1,0,0.0419,
13,BARE,POSE,Feedback,1,1,1,4.7,1,L,16-Oct-18,1,1,5,,,1,4,4,14.4,1,0,0,9.4,,,1,0,1.47,0.9,3,Silver,1,0,0.0815,190701 A small root penetrated the mesh
14,BARE,POSE,Exclusion,1,1,1,4.7,1,L,16-Oct-18,1,1,6,,,1,6,6,10.8,1,0,0,9.6,,,1,0,1.41,0.88,4.4,Silver,1,0,0.1487,
15,BARE,POSE,Control,1,1,1,4.7,1,L,16-Oct-18,1,1,4,,,1,3,3,11.8,1,0,0,8.6,,,1,0,0.79,0.19,4,Silver,1,0,0.0176,
16,PSSP,ARTR,Feedback,1,1,1,5.2,2,R,15-Oct-18,3,0,3,15,8,0,1,0,11.6,0,0,0,9.1,,,0,0,,,,,0,0,,
17,PSSP,ARTR,Exclusion,1,1,1,5.2,2,R,15-Oct-18,3,2,4,16,8,1,4,4,12.4,1,0,0,5.9,,,1,0,2.08,1.5,5.1,Silver,1,0,0.1056,190502 pull 1 extra focal
18,PSSP,ARTR,Control,1,1,1,5.2,2,R,15-Oct-18,3,1,2,14,9,1,2,2,14.1,1,0,0,7.8,,,1,0,0.81,0.62,2.2,Silver,1,0,0.0142,
19,PSSP,HECO,Feedback,1,1,1,5.2,2,R,18-Oct-18,1,0,2,14,6,0,2,1,10.3,1,0,0,6.7,,,1,0,0.04,0.04,6.6,Silver,1,0,0.0085,
20,PSSP,HECO,Exclusion,1,1,1,5.2,2,R,18-Oct-18,1,0,1,15,8,0,0,0,10.1,0,0,0,6.2,,,0,0,,,,,0,0,,190502 previous germ eaten by grasshopper
21,PSSP,HECO,Control,1,1,1,5.2,2,R,18-Oct-18,1,0,3,23,7,0,4,3,16.3,1,0,0,4.5,,,1,0,0.04,0.04,5.9,Silver,1,0,0.01,
22,PSSP,PSSP,Feedback,1,1,1,5.2,2,R,17-Oct-18,1,1,7,25,10,1,7,7,14.8,1,0,0,10.7,,,1,0,0.09,0.08,17.6,Silver,1,0,0.0577,
23,PSSP,PSSP,Exclusion,1,1,1,5.2,2,R,17-Oct-18,1,1,4,19,8,1,5,5,12.5,1,0,0,5,,,1,0,0.51,0.14,16.5,Silver,1,0,0.174,
24,PSSP,PSSP,Control,1,1,1,5.2,2,R,17-Oct-18,1,1,5,18,8,1,5,5,15.3,1,0,0,8.7,,,1,0,0.03,0.07,14.5,Silver,1,0,0.0298,
25,ARTR,ARTR,Feedback,1,1,1,5.3,1.5,R,15-Oct-18,0,0,0,27,2,0,0,0,10.9,0,0,0,7.3,,,0,0,,,,,0,0,,
26,ARTR,ARTR,Exclusion,1,1,1,5.3,1.5,R,15-Oct-18,3,3,1,28,0,1,2,2,11.8,1,0,0,7.7,,,1,0,3.75,3.51,4.6,Silver,1,0,0.0894,190502 pull 2 extra focal
27,ARTR,ARTR,Control,1,1,1,5.3,1.5,R,15-Oct-18,3,1,1,27,0,1,2,2,16.2,1,0,0,9,,,1,0,0.09,0.45,1.2,Silver,1,0,0.0056,
28,ARTR,HECO,Feedback,1,1,1,5.3,1.5,R,18-Oct-18,1,0,4,30,10,0,4,3,12.6,1,0,0,6,,,1,0,0.08,0.08,11.6,Silver,1,0,0.0197,
29,ARTR,HECO,Exclusion,1,1,1,5.3,1.5,R,18-Oct-18,1,0,4,37,6,0,5,4,7.8,1,0,0,4.2,,,1,0,0.19,0.16,13.9,Silver,1,0,0.0547,
30,ARTR,HECO,Control,1,1,1,5.3,1.5,R,18-Oct-18,1,0,1,26,2,0,2,1,8.8,1,0,0,6.3,,,1,0,0.01,0.01,6.7,Silver,1,0,0.0068,
31,ARTR,PSSP,Feedback,1,1,1,5.3,1.5,R,17-Oct-18,1,1,6,28,1,1,8,8,17.3,1,0,0,9.2,,,1,0,0.42,0.06,23.6,Silver,1,0,0.0655,
32,ARTR,PSSP,Exclusion,1,1,1,5.3,1.5,R,17-Oct-18,1,1,8,28,0,1,8,8,15.3,1,1,1,9.3,,,1,0,0.81,0.04,28.7,Silver,1,0,0.1636,
33,ARTR,PSSP,Control,1,1,1,5.3,1.5,R,17-Oct-18,1,1,5,28,0,1,6,6,15.1,1,0,0,5.7,,,1,0,0.1,0.03,16.2,Silver,1,0,0.0398,
34,ARTR,POSE,Feedback,1,1,1,5.3,1.5,R,16-Oct-18,1,1,5,22,0,1,6,6,15,1,0,0,8,,,1,0,1.02,0.29,4.3,Silver,1,0,0.0411,
35,ARTR,POSE,Exclusion,1,1,1,5.3,1.5,R,16-Oct-18,1,1,3,19,0,1,3,3,12.1,1,0,0,6.1,,,1,0,1.44,0.88,11.8,Silver,1,0,0.2999,
36,ARTR,POSE,Control,1,1,1,5.3,1.5,R,16-Oct-18,1,1,4,28,0,1,2,2,11.5,1,0,0,4.8,,,1,0,0.96,0.5,7,Silver,1,0,0.0519,
37,HECO,ARTR,Feedback,1,1,1,5.6,3,L,15-Oct-18,3,2,3,17,7,1,4,4,13.4,1,0,0,9.3,,,1,0,1.81,1.31,4.4,Silver,1,0,0.0426,190502 pull 1 extra focal
38,HECO,ARTR,Exclusion,1,1,1,5.6,3,L,15-Oct-18,3,3,2,16,8,1,3,3,12.6,1,0,0,5.1,,,1,0,4.36,2.39,3.6,Silver,1,0,0.0762,190502 pull 1 extra focal
39,HECO,ARTR,Control,1,1,1,5.6,3,L,15-Oct-18,3,1,0,12,5,1,0,0,17.9,1,0,0,9.9,,,1,0,1.94,1.26,2.7,Silver,1,0,0.0222,
40,HECO,HECO,Feedback,1,1,1,5.6,3,L,18-Oct-18,1,0,2,14,8,0,3,2,17.4,1,0,0,10.2,,,1,0,0.1,0.1,14.1,Silver,1,0,0.0355,
41,HECO,HECO,Exclusion,1,1,1,5.6,3,L,18-Oct-18,1,0,2,15,5,0,3,2,16.7,1,0,0,7.8,,,1,0,0.61,0.08,16.8,Silver,1,0,0.084,
42,HECO,HECO,Control,1,1,1,5.6,3,L,18-Oct-18,1,0,1,18,9,0,4,3,17.4,1,1,1,8.5,,,1,0,0.03,0.02,13.4,Silver,1,0,0.0177,
43,HECO,PSSP,Feedback,1,1,1,5.7,1,L,17-Oct-18,1,1,7,15,6,1,7,7,14.8,1,0,0,7.3,,,1,0,0.08,0.1,17.8,Silver,1,0,0.0747,
44,HECO,PSSP,Exclusion,1,1,1,5.7,1,L,17-Oct-18,1,1,4,9,0,1,4,4,17.4,1,0,0,9.8,,,1,0,0.4,0.19,27,Silver,1,0,0.3269,
45,HECO,PSSP,Control,1,1,1,5.7,1,L,17-Oct-18,1,1,6,13,6,1,7,7,17.4,1,0,0,11.7,,,1,0,0.15,0.15,18.3,Silver,1,0,0.0775,190701 1 germ
46,HECO,POSE,Feedback,1,1,1,5.7,1,L,16-Oct-18,1,1,4,19,7,1,5,5,17.9,1,0,0,9.7,,,1,0,0.74,0.47,6.9,Silver,1,0,0.0713,
47,HECO,POSE,Exclusion,1,1,1,5.7,1,L,16-Oct-18,1,1,7,21,7,1,6,6,15.8,1,0,0,10.8,,,1,0,1.35,0.83,7.4,Silver,1,0,0.178,
48,HECO,POSE,Control,1,1,1,5.7,1,L,16-Oct-18,1,1,2,23,9,1,2,2,14.3,1,0,0,6,,,1,0,1.12,0.61,4.9,Silver,1,0,0.1362,
49,POSE,HECO,Feedback,1,1,1,6,4,R,18-Oct-18,1,0,2,11,6,0,2,1,16.3,1,1,1,8.3,,,1,0,0.22,0.18,14.1,Silver,1,0,0.0292,
50,POSE,HECO,Exclusion,1,1,1,6,4,R,18-Oct-18,1,0,0,11,7,0,0,0,17.3,0,0,0,8.4,,,0,0,,,,,0,0,,
51,POSE,HECO,Control,1,1,1,6,4,R,18-Oct-18,1,0,4,9,2,0,4,3,19,1,0,0,9.4,,,1,0,0.07,0.02,10.3,Silver,1,0,0.0165,
52,POSE,PSSP,Feedback,1,1,1,6,4,R,17-Oct-18,1,1,7,12,7,1,8,8,10.4,1,0,0,8.5,,,1,0,0.62,0.45,25.4,Silver,1,0,0.0952,
53,POSE,PSSP,Exclusion,1,1,1,6,4,R,17-Oct-18,1,1,7,13,5,1,9,9,13.7,1,0,0,6.5,,,1,0,0.69,0.14,24.2,Silver,1,0,0.1556, 190701  This bag had less soil than others
54,POSE,PSSP,Control,1,1,1,6,4,R,17-Oct-18,1,1,6,9,3,1,8,8,16.3,1,0,0,8.7,,,1,0,0.32,0.21,20.9,Silver,1,0,0.0369,
55,POSE,ARTR,Feedback,1,1,1,6.1,1,R,15-Oct-18,3,2,3,11,4,1,3,3,11.8,1,0,0,6.8,,,1,0,0.17,0.15,3.4,Silver,1,0,0.033,190502 pull 1 extra focal
56,POSE,ARTR,Exclusion,1,1,1,6.1,1,R,15-Oct-18,2,1,4,12,3,1,4,3,11.5,1,0,0,8.2,,,1,0,1.09,1.07,1.3,Silver,1,0,0.0076,190502 leave 1 germ since focal looks dying
57,POSE,ARTR,Control,1,1,1,6.1,1,R,15-Oct-18,3,2,3,12,7,1,3,3,14.1,1,0,0,5,,,1,0,1.72,0.94,2.8,Silver,1,0,0.0291,190502 pull 1 extra focal
58,POSE,POSE,Feedback,1,1,1,6.2,4,R,16-Oct-18,1,1,4,8,6,1,4,4,16.1,1,0,0,7.6,,,1,0,1.4,0.91,3.6,Silver,1,0,0.0763,
59,POSE,POSE,Exclusion,1,1,1,6.2,4,R,16-Oct-18,1,1,4,9,6,1,4,4,12.2,1,0,0,5.6,,1,1,0,1.16,1.1,5.1,Silver,1,0,0.2186,
60,POSE,POSE,Control,1,1,1,6.2,4,R,16-Oct-18,1,1,5,10,8,1,6,6,10.1,1,0,0,4.5,,,1,0,0.78,0.31,5.9,Silver,1,0,0.0365,
61,HECO,ARTR,Feedback,1,2,1,7.5,1.5,L,15-Oct-18,2,1,6,7,3,1,6,6,18.5,1,0,0,13.3,,,1,0,2.09,1.99,4.1,Silver,1,0,0.0414,
62,HECO,ARTR,Exclusion,1,2,1,7.5,1.5,L,15-Oct-18,2,1,8,6,3,1,5,5,17.7,1,0,0,12.2,,,1,0,2.85,1.81,4.9,Silver,1,0,0.0937,
63,HECO,ARTR,Control,1,2,1,7.5,1.5,L,15-Oct-18,3,3,3,9,6,1,4,4,19.1,1,0,0,12.3,,,1,0,1.16,1.16,3.5,Silver,1,0,0.0244,190502 pull 1 extra focal
64,HECO,HECO,Feedback,1,2,1,7.5,3,L,18-Oct-18,1,0,2,18,4,0,5,4,20.3,1,0,0,9.6,,,1,0,0.31,0.11,16,Silver,1,0,0.0575,
65,HECO,HECO,Exclusion,1,2,1,7.5,3,L,18-Oct-18,1,0,3,21,7,0,3,2,18.6,1,1,1,9.3,,,1,0,0.37,0.09,14.4,Silver,1,0,0.078,
66,HECO,HECO,Control,1,2,1,7.5,3,L,18-Oct-18,1,0,2,16,4,0,2,1,25,1,0,0,16.5,,,1,0,0.06,0.06,17,Silver,1,0,0.0213,
67,HECO,PSSP,Feedback,1,2,1,7.5,3,L,17-Oct-18,1,1,2,8,4,1,2,2,20.7,1,1,1,8.5,,,1,0,0.32,0.13,20.4,Silver,1,0,0.0741,
68,HECO,PSSP,Exclusion,1,2,1,7.5,3,L,17-Oct-18,1,1,2,10,6,0,2,2,20.5,1,0,0,8.1,,,1,0,1.4,0.81,9,Silver,1,0,0.2029,
69,HECO,PSSP,Control,1,2,1,7.5,3,L,17-Oct-18,0,0,4,8,5,0,4,3,18.3,1,0,0,8.4,,,1,0,0.03,0.03,10.6,Silver,1,0,0.009,181101 replace grasshopper damage; 190502 leave 1 germ for focal
70,HECO,POSE,Feedback,1,2,1,7.5,3,L,16-Oct-18,1,1,2,14,7,0,2,2,19.8,1,0,0,10.6,,,1,0,0.69,0.45,7.4,Silver,1,0,0.0972,"181101 grasshopper damage, but not enough to replace"
71,HECO,POSE,Exclusion,1,2,1,7.5,3,L,16-Oct-18,1,1,6,16,5,1,7,7,19.5,1,0,0,12.9,,,1,0,1.45,0.65,7.5,Silver,1,0,0.2205,
72,HECO,POSE,Control,1,2,1,7.5,3,L,16-Oct-18,1,1,5,17,2,1,6,6,17.5,1,0,0,9.7,,,1,0,0.97,0.51,8.2,Silver,1,0,0.1089,
73,BARE,PSSP,Feedback,1,2,1,8.6,3,R,17-Oct-18,1,1,3,,,1,5,5,16.2,1,0,0,8.5,,,1,0,0.12,0.11,18.5,Silver,1,0,0.0363,
74,BARE,PSSP,Exclusion,1,2,1,8.6,3,R,17-Oct-18,1,1,1,,,1,2,2,15,1,0,0,7.2,,,1,0,0.33,0.26,17.4,Silver,1,0,0.1587,
75,BARE,PSSP,Control,1,2,1,8.6,3,R,17-Oct-18,1,1,3,,,1,3,3,16.1,1,0,0,5.5,,,1,0,0.09,0.09,10.9,Silver,1,0,0.03,"181101 grasshopper damage, but not enough to replace"
76,BARE,POSE,Feedback,1,2,1,8.6,3,R,16-Oct-18,1,1,4,,,1,6,6,11.2,1,0,0,10.8,,,1,0,0.97,0.18,6.3,Silver,1,0,0.0905,
77,BARE,POSE,Exclusion,1,2,1,8.6,3,R,16-Oct-18,1,1,5,,,1,5,5,11.3,1,0,0,8.4,,,1,0,1.53,0.74,3.6,Silver,1,0,0.1941,
78,BARE,POSE,Control,1,2,1,8.6,3,R,16-Oct-18,1,1,2,,,1,3,3,11,1,0,0,7.1,,,1,0,0.85,0.82,4.4,Silver,1,0,0.1425,190701  Could only dig 2 seeds
79,POSE,ARTR,Feedback,1,2,1,9.3,1.5,L,15-Oct-18,3,0,5,9,4,0,4,3,18,0,0,0,14.1,,,0,0,,,,,0,0,,190502 leave 1 germ for focal
80,POSE,ARTR,Exclusion,1,2,1,9.3,1.5,L,15-Oct-18,3,0,1,13,6,0,1,0,20.7,1,0,0,11.2,,,1,0,0.55,0.4,1.6,Silver,1,0,0.0038,190502 leave 1 germ for focal
81,POSE,ARTR,Control,1,2,1,9.3,1.5,L,15-Oct-18,3,2,2,8,4,1,3,3,20.1,1,0,0,13,,,1,0,2.19,1.72,1.9,Silver,1,0,0.0159,190502 pull 1 extra focal
82,PSSP,ARTR,Feedback,1,2,1,9.5,7,L,15-Oct-18,3,1,2,14,5,1,3,3,19.7,1,0,0,13.8,,,1,0,1.55,0.58,2,Silver,1,0,0.0079,
83,PSSP,ARTR,Exclusion,1,2,1,9.5,7,L,15-Oct-18,3,2,6,12,6,1,7,7,13.6,1,0,0,10.2,,,1,0,2.77,1.57,2.6,Silver,1,0,0.0534,190502 pull 1 extra focal
84,PSSP,ARTR,Control,1,2,1,9.5,7,L,15-Oct-18,3,3,1,12,6,1,1,1,20.1,1,0,0,11.7,,,1,0,1.91,1.89,3,Silver,1,0,0.0234,190502 pull 2 extra focal
85,PSSP,HECO,Feedback,1,2,1,9.5,7,L,18-Oct-18,1,0,0,15,10,0,0,0,18.6,1,0,0,11.8,,,1,0,0.02,0.02,7.7,Silver,1,0,0.0111,190701 1 germ
86,PSSP,HECO,Exclusion,1,2,1,9.5,7,L,18-Oct-18,1,0,0,11,5,0,1,0,18.8,1,0,0,15.7,,,1,0,0.05,0.04,9.5,Silver,1,0,0.019,
87,PSSP,HECO,Control,1,2,1,9.5,7,L,18-Oct-18,1,1,0,15,9,0,0,0,16.7,1,0,0,6.9,,,1,0,0.02,0.02,9,Silver,1,0,0.0336,
88,BARE,ARTR,Feedback,1,2,1,9.6,0,,15-Oct-18,3,2,1,,,1,1,1,19.4,1,0,0,12.4,,,1,0,1.47,0.98,3.4,Silver,1,0,0.0329,
89,BARE,ARTR,Exclusion,1,2,1,9.6,0,,15-Oct-18,2,1,2,,,1,3,2,21.1,1,1,1,11.6,,,1,0,1.02,0.72,1.6,Silver,1,0,0.017,190502 leave 1 germ since focal looks dying
90,BARE,ARTR,Control,1,2,1,9.6,0,,15-Oct-18,3,1,2,,,1,2,1,17.4,1,1,1,15.5,,,1,0,0.3,0.28,9,Silver,1,0,0.0033,190502 leave 1 germ since focal looks dying
91,BARE,HECO,Feedback,1,2,1,9.6,0,,18-Oct-18,1,0,0,,,0,0,0,20.7,0,0,0,12.2,,,0,0,,,,,0,0,,
92,BARE,HECO,Exclusion,1,2,1,9.6,0,,18-Oct-18,1,0,0,,,0,1,0,14.9,1,0,0,12.6,,,1,0,0.14,0.06,9,Silver,0,0,0.0008,
93,BARE,HECO,Control,1,2,1,9.6,0,,18-Oct-18,1,1,1,,,0,1,0,19.5,1,1,1,13.3,,,1,0,0.14,0.06,11.7,Silver,1,0,0.0191,
94,PSSP,POSE,Feedback,1,2,1,10,3,L,16-Oct-18,1,1,3,23,6,1,6,6,17.3,1,0,0,12.4,1,,1,1,0.74,0.3,6.7,Silver,1,1,0.075,Reproductive stalk 22.2 height
95,PSSP,POSE,Exclusion,1,2,1,10,3,L,16-Oct-18,1,1,6,12,5,1,6,6,18.9,1,0,0,12.4,,,1,0,0.46,0.29,9.4,Silver,1,0,0.1018,
96,PSSP,POSE,Control,1,2,1,10,3,L,16-Oct-18,1,1,2,11,6,1,2,2,18.3,1,0,0,16,,,1,0,0.16,0.11,10.5,Silver,1,0,0.0333,
97,ARTR,ARTR,Feedback,1,2,1,11,3,L,15-Oct-18,3,2,1,55,0,1,2,2,17,1,0,0,10.7,,,1,0,1.4,1.26,3.1,Silver,1,0,0.0101,190502 pull 1 extra focal
98,ARTR,ARTR,Exclusion,1,2,1,11,3,L,15-Oct-18,0,0,0,45,0,0,2,1,11.7,1,0,0,9.2,,,1,0,3.37,2.75,5.2,Silver,1,0,0.0196,190502 leave 1 germ for focal
99,ARTR,ARTR,Control,1,2,1,11,3,L,15-Oct-18,0,0,1,57,0,0,1,0,9.8,0,0,0,11.2,,,0,0,,,,,0,0,,190502 leave 1 germ for focal
100,ARTR,HECO,Feedback,1,2,1,11,3,L,18-Oct-18,1,1,0,42,0,0,0,0,10.8,1,0,0,7.2,,,1,0,0.04,0.04,14.1,Silver,1,0,0.0156,
101,ARTR,HECO,Exclusion,1,2,1,11,3,L,18-Oct-18,1,0,2,45,0,0,2,1,15.2,1,0,0,9.1,,,1,0,0.25,0.13,17,Silver,1,0,0.0598,
102,ARTR,HECO,Control,1,2,1,11,3,L,18-Oct-18,1,0,0,56,0,0,0,0,14.2,1,1,1,11.9,,,1,0,0.08,0.08,10.8,Silver,1,0,0.0102,
103,ARTR,PSSP,Feedback,1,2,1,11,3,L,17-Oct-18,1,1,3,52,0,1,4,4,13.2,1,1,1,10.6,,,1,0,0.09,0.06,22.4,Silver,1,0,0.0512,
104,ARTR,PSSP,Exclusion,1,2,1,11,3,L,17-Oct-18,1,1,1,55,0,1,2,2,15.5,1,0,0,11.2,,,1,0,0.33,0.24,28.8,Silver,1,0,0.1427,
105,ARTR,PSSP,Control,1,2,1,11,3,L,17-Oct-18,1,1,2,53,0,1,2,2,15.8,1,0,0,10.4,,,1,0,0.04,0.04,24.8,Silver,1,0,0.032,
106,ARTR,POSE,Feedback,1,2,1,11,3,L,16-Oct-18,1,1,2,41,0,1,3,3,14.2,1,1,1,9.6,,,1,0,0.46,0.28,8.6,Silver,1,0,0.0311,
107,ARTR,POSE,Exclusion,1,2,1,11,3,L,16-Oct-18,1,1,5,41,0,1,4,4,13.8,1,1,1,10,,1,1,0,0.99,0.61,8.8,Silver,1,0,0.1203,
108,ARTR,POSE,Control,1,2,1,11,3,L,16-Oct-18,1,1,3,54,4,1,3,3,12.5,1,0,0,9.7,,1,1,0,1.09,0.22,7,Silver,1,0,0.0258,
109,POSE,HECO,Feedback,1,2,1,11,8,L,18-Oct-18,1,0,0,18,9,0,1,0,15.3,1,0,0,8.7,,,1,0,0.18,0.04,12.2,Silver,1,0,0.0169,
110,POSE,HECO,Exclusion,1,2,1,11,8,L,18-Oct-18,1,0,3,16,8,0,4,3,16.1,1,0,0,10.8,,,1,0,0.2,0.05,17.6,Silver,1,0,0.027,
111,POSE,HECO,Control,1,2,1,11,8,L,18-Oct-18,0,0,NA,18,7,0,NA,NA,16.6,0,0,0,8.9,,,0,0,,,,,0,0,,"181101 small mammal dug out, found HECO replaced, doubt survival; 190424 no toothpicks"
112,POSE,PSSP,Feedback,1,2,1,11,8,L,17-Oct-18,1,1,1,15,6,1,1,1,11.9,1,1,1,9.7,,,1,0,0.09,0.04,20.6,Silver,1,0,0.0302,
113,POSE,PSSP,Exclusion,1,2,1,11,8,L,17-Oct-18,1,1,4,17,6,1,4,4,14.1,1,0,0,11.2,,,1,0,0.72,0.24,17.9,Silver,1,0,0.111,
114,POSE,PSSP,Control,1,2,1,11,8,L,17-Oct-18,1,1,4,20,10,1,4,4,15.9,1,0,0,8,,,1,0,0.32,0.18,15.7,Silver,1,0,0.0325,"181101 grasshopper damage, but not enough to replace"
115,POSE,POSE,Feedback,1,2,1,11,8,L,16-Oct-18,1,1,3,20,6,1,4,4,16.6,1,0,0,9.1,1,,1,1,0.81,0.61,7,Silver,1,1,0.1158,Reproductive stalk 28.7 height
116,POSE,POSE,Exclusion,1,2,1,11,8,L,16-Oct-18,1,1,4,16,8,1,5,5,17.1,1,0,0,8,,,1,0,0.84,0.71,5.4,Silver,1,0,0.1513,
117,POSE,POSE,Control,1,2,1,11,8,L,16-Oct-18,1,1,3,9,6,1,4,4,14.6,1,0,0,6.9,,,1,0,0.43,0.26,5.5,Silver,1,0,0.053,
118,PSSP,PSSP,Feedback,1,2,1,14.7,0.5,L,17-Oct-18,1,1,2,12,6,1,3,3,18.6,1,0,0,9.5,,,1,0,0.28,0.11,18.5,Silver,1,0,0.0307,
119,PSSP,PSSP,Exclusion,1,2,1,14.7,0.5,L,17-Oct-18,1,1,0,12,6,1,0,0,15.1,1,0,0,7.4,,,1,0,0.59,0.13,21,Silver,1,0,0.1766,
120,PSSP,PSSP,Control,1,2,1,14.7,0.5,L,17-Oct-18,1,1,1,14,5,1,1,1,16.9,1,0,0,8.9,,,1,0,0.2,0.06,14.7,Silver,1,0,0.0408,
121,POSE,ARTR,Feedback,1,3,1,20.6,1,L,15-Oct-18,3,1,2,10,8,1,3,3,11.5,1,0,0,9.2,,,1,0,1.81,1.31,3.5,Silver,1,0,0.0448,
122,POSE,ARTR,Exclusion,1,3,1,20.6,1,L,15-Oct-18,2,1,7,9,7,1,7,7,10.4,1,0,0,6.9,,,1,0,2.72,1.95,2.8,Silver,1,0,0.0746,
123,POSE,ARTR,Control,1,3,1,20.6,1,L,15-Oct-18,3,1,2,9,7,1,2,2,13.1,1,0,0,7.9,,,1,0,2.06,0.9,2.3,Silver,1,0,0.043,
124,POSE,HECO,Feedback,1,3,1,20.6,1,L,18-Oct-18,1,0,1,9,7,0,1,0,11.1,1,0,0,6.1,,,1,0,0.31,0.1,8.8,Silver,1,0,0.0359,
125,POSE,HECO,Exclusion,1,3,1,20.6,1,L,18-Oct-18,1,0,0,12,2,0,0,0,11.4,0,0,0,6,,,0,0,,,,,0,0,,
126,POSE,HECO,Control,1,3,1,20.6,1,L,18-Oct-18,1,0,1,17,6,0,1,0,12.5,1,0,0,8.5,,,1,0,0.25,0.11,6.4,Silver,1,0,0.0189,
127,POSE,PSSP,Feedback,1,3,1,20.6,1,L,17-Oct-18,1,1,0,18,5,1,0,0,12.6,1,0,0,6.3,,,1,0,0.19,0.16,16,Silver,1,0,0.0631,
128,POSE,PSSP,Exclusion,1,3,1,20.6,1,L,17-Oct-18,1,1,4,16,6,1,6,6,10,1,0,0,7.4,,,1,0,0.42,0.11,17.1,Silver,1,0,0.1757,
129,POSE,PSSP,Control,1,3,1,20.6,1,L,17-Oct-18,1,1,5,13,6,1,5,5,12.1,1,0,0,6,,,1,0,0.5,0.11,15.1,Silver,1,0,0.1008,
130,POSE,POSE,Feedback,1,3,1,20.6,1,L,16-Oct-18,1,1,2,13,11,1,2,2,12.3,1,0,0,5.4,,,1,0,0.56,0.21,3.1,Silver,1,0,0.0318,
131,POSE,POSE,Exclusion,1,3,1,20.6,1,L,16-Oct-18,1,1,4,9,4,1,5,5,12.5,1,0,0,8.8,,,1,0,1.12,0.52,6.8,Silver,1,0,0.1592,
132,POSE,POSE,Control,1,3,1,20.6,1,L,16-Oct-18,1,1,2,13,8,1,3,3,12,1,0,0,7.7,,,1,0,0.56,0.51,2.6,Silver,1,0,0.0313,190424 grasshopper
133,BARE,ARTR,Feedback,1,3,1,21.8,6,L,15-Oct-18,0,0,0,,,0,0,0,12.5,0,0,0,6.7,,,0,0,,,,,0,0,,
134,BARE,ARTR,Exclusion,1,3,1,21.8,6,L,15-Oct-18,0,0,1,,,0,3,2,10,0,0,0,6.3,,,0,0,,,,,0,0,,190502 leave 1 germ for focal
135,BARE,ARTR,Control,1,3,1,21.8,6,L,15-Oct-18,0,0,0,,,0,0,0,7.7,0,0,0,7.9,,,0,0,,,,,0,0,,
136,BARE,HECO,Feedback,1,3,1,21.8,6,L,18-Oct-18,1,0,2,,,0,1,0,13,1,1,1,9.9,,,1,0,0.32,0.19,11.1,Silver,1,0,0.045,
137,BARE,HECO,Exclusion,1,3,1,21.8,6,L,18-Oct-18,1,0,2,,,0,2,1,11.3,1,0,0,6,,,1,0,0.38,0.13,13.2,Silver,1,0,0.0749,
138,BARE,HECO,Control,1,3,1,21.8,6,L,18-Oct-18,1,0,1,,,0,2,1,13,1,0,0,7.2,,,1,0,0.21,0.11,10.4,Silver,1,0,0.0198,
139,BARE,PSSP,Feedback,1,3,1,21.8,6,L,17-Oct-18,1,1,4,,,1,5,5,12.3,1,0,0,9.4,,,1,0,0.11,0.11,23.3,Silver,1,0,0.095,
140,BARE,PSSP,Exclusion,1,3,1,21.8,6,L,17-Oct-18,1,1,2,,,1,2,2,10.9,1,0,0,7,,,1,0,0.62,0.42,25.1,Silver,1,0,0.3466,
141,BARE,PSSP,Control,1,3,1,21.8,6,L,17-Oct-18,1,1,1,,,1,2,2,12.2,1,0,0,5.5,,,1,0,0.18,0.12,16.1,Silver,1,0,0.0471,
142,BARE,POSE,Feedback,1,3,1,21.8,6,L,16-Oct-18,1,1,1,,,1,3,3,13.6,1,0,0,7.7,,,1,0,1.32,0.13,4.4,Silver,1,0,0.1407,
143,BARE,POSE,Exclusion,1,3,1,21.8,6,L,16-Oct-18,1,1,3,,,1,3,3,12.1,1,0,0,8.8,,1,1,0,0.89,0.71,4.6,Silver,1,0,0.2354,
144,BARE,POSE,Control,1,3,1,21.8,6,L,16-Oct-18,1,1,5,,,1,5,5,13.5,1,0,0,6.7,,,1,0,0.74,0.36,3.5,Silver,1,0,0.0803,190701 Six measured at harvest
145,PSSP,ARTR,Feedback,1,3,1,24,2,R,15-Oct-18,3,2,1,16,8,1,1,1,15.9,1,0,0,5.4,,,1,0,0.9,0.6,2.9,Silver,1,0,0.0186,190502 pull 1 extra focal
146,PSSP,ARTR,Exclusion,1,3,1,24,2,R,15-Oct-18,3,3,4,16,9,1,4,4,15.3,1,0,0,4.7,,,1,0,1.47,1.11,2.6,Silver,1,0,0.1494,"190502 pull 2 extra focal, 190701  No biomass at harvest"
147,PSSP,ARTR,Control,1,3,1,24,2,R,15-Oct-18,1,0,2,18,9,0,2,1,14.9,1,0,0,5.2,,,1,0,4.11,1.74,4.4,Silver,0,0,,181101 add 1; 190502 leave 1 germ for focal
148,PSSP,HECO,Feedback,1,3,1,24,2,R,18-Oct-18,1,0,3,21,12,0,2,2,12.2,1,2,2,5.9,,,1,0,0.12,0.1,10.9,Silver,1,0,0.0282,
149,PSSP,HECO,Exclusion,1,3,1,24,2,R,18-Oct-18,1,0,0,12,5,0,0,0,12.6,1,0,0,8.6,,,1,0,0.16,0.09,7.6,Silver,1,0,0.0118,
150,PSSP,HECO,Control,1,3,1,24,2,R,18-Oct-18,1,0,1,18,7,0,2,1,16.9,1,1,1,9.5,,,1,0,0.14,0.05,15.9,Silver,1,0,0.0136,
151,ARTR,ARTR,Feedback,1,3,1,24.8,0.5,L,15-Oct-18,3,0,6,32,0,0,8,7,12.5,1,0,0,9.2,,,1,0,1.79,1.43,2.2,Silver,1,0,0.012,190502 leave 1 germ for focal
152,ARTR,ARTR,Exclusion,1,3,1,24.8,0.5,L,15-Oct-18,3,1,9,30,0,1,8,8,13.5,1,0,0,10.5,,,1,0,4.99,4.67,3.5,Silver,1,0,0.0882,
153,ARTR,ARTR,Control,1,3,1,24.8,0.5,L,15-Oct-18,3,0,6,21,0,0,7,6,13.9,0,0,0,12.4,,,0,0,,,,,0,0,,190502 leave 1 germ for focal
154,ARTR,HECO,Feedback,1,3,1,24.8,0.5,L,18-Oct-18,1,0,0,20,1,0,0,0,11.9,0,1,0,9.5,,,1,0,0.08,0.05,4.8,Silver,1,0,0.0044,
155,ARTR,HECO,Exclusion,1,3,1,24.8,0.5,L,18-Oct-18,1,0,1,21,0,0,1,0,1.7,1,1,1,6.9,,,1,0,0.32,0.26,15.9,Silver,1,0,0.0547,
156,ARTR,HECO,Control,1,3,1,24.8,0.5,L,18-Oct-18,1,0,0,21,0,0,0,0,15.1,0,0,0,7.6,,,0,0,,,,,0,0,,
157,ARTR,PSSP,Feedback,1,3,1,24.8,0.5,L,17-Oct-18,1,1,2,22,0,1,1,1,12.4,1,0,0,7.5,,,1,0,0.32,0.07,6.4,Silver,1,0,0.0407,
158,ARTR,PSSP,Exclusion,1,3,1,24.8,0.5,L,17-Oct-18,1,1,2,22,0,1,2,2,12.2,1,0,0,8.9,,,1,0,0.22,0.17,24.5,Silver,1,0,0.1317,
159,ARTR,PSSP,Control,1,3,1,24.8,0.5,L,17-Oct-18,1,1,4,22,0,1,4,4,10.1,1,0,0,5.3,,,1,0,0.13,0.08,19.1,Silver,1,0,0.0325,
160,ARTR,POSE,Feedback,1,3,1,24.8,0.5,L,16-Oct-18,1,1,1,18,0,1,2,2,10.4,1,0,0,5.4,,,1,0,0.75,0.71,6.9,Silver,1,0,0.0945,
161,ARTR,POSE,Exclusion,1,3,1,24.8,0.5,L,16-Oct-18,1,1,2,22,2,1,4,4,11.8,1,0,0,6,,,1,0,0.82,0.72,8.2,Silver,1,0,0.1801,190701 1 germ
162,ARTR,POSE,Control,1,3,1,24.8,0.5,L,16-Oct-18,1,1,3,25,3,1,4,4,12.5,1,0,0,4.8,,,1,0,0.52,0.13,6.6,Silver,1,0,0.0099,
163,PSSP,PSSP,Feedback,1,3,1,25,2,R,17-Oct-18,1,1,2,15,4,1,3,3,14.6,1,1,1,6.4,,,1,0,0.29,0.18,22.8,Silver,1,0,0.0111,190701 Incomplete Sample
164,PSSP,PSSP,Exclusion,1,3,1,25,2,R,17-Oct-18,1,1,3,17,4,1,3,3,14,1,0,0,4.8,,,1,0,0.77,0.29,26.1,Silver,1,0,0.2125,
165,PSSP,PSSP,Control,1,3,1,25,2,R,17-Oct-18,1,1,3,16,7,1,5,5,14.7,1,0,0,5.7,,,1,0,0.06,0.06,16.9,Silver,1,0,0.0191,
166,PSSP,POSE,Feedback,1,3,1,25,2,R,16-Oct-18,1,1,1,16,4,1,1,1,10.8,1,0,0,10.1,,,1,0,0.86,0.36,8.2,Silver,1,0,0.1246,
167,PSSP,POSE,Exclusion,1,3,1,25,2,R,16-Oct-18,1,1,0,15,5,1,1,1,12.4,1,0,0,8.3,,,1,0,1.63,0.7,6.1,Silver,1,0,0.1796,
168,PSSP,POSE,Control,1,3,1,25,2,R,16-Oct-18,1,1,1,16,7,1,2,2,10.7,1,0,0,6.5,,,1,0,0.59,0.09,5.4,Silver,0,0,0.0354,190701  Sample had turned red
169,PSSP,ARTR,Feedback,1,4,1,27,5,L,15-Oct-18,2,1,3,18,10,1,3,3,8.9,1,0,0,5.3,,,1,0,1.89,1.86,2.2,Silver,1,0,0.0176,
170,PSSP,ARTR,Exclusion,1,4,1,27,5,L,15-Oct-18,3,2,2,16,9,1,2,2,9.5,1,0,0,5.3,,,1,0,3.58,2.75,4.4,Silver,1,0,0.1251,190502 pull 1 extra focal
171,PSSP,ARTR,Control,1,4,1,27,5,L,15-Oct-18,3,1,2,14,8,1,2,2,10,1,0,0,6.5,,,1,0,0.76,0.57,1.3,Silver,1,0,0.0053,
172,PSSP,HECO,Feedback,1,4,1,27,5,L,18-Oct-18,1,0,3,14,9,0,3,2,9.5,1,0,0,6.2,,,1,0,0.13,0.08,8.4,Silver,1,0,0.0305,
173,PSSP,HECO,Exclusion,1,4,1,27,5,L,18-Oct-18,1,0,5,13,8,0,5,4,8,1,0,0,6.4,,,1,0,0.48,0.21,11.9,Silver,1,0,0.1081,
174,PSSP,HECO,Control,1,4,1,27,5,L,18-Oct-18,1,0,3,11,7,0,3,2,11.5,1,2,2,4.8,,,1,0,0.08,0.07,10.8,Silver,1,0,0.0461,190701 Focal may not be the correct species
175,PSSP,PSSP,Feedback,1,4,1,27,5,L,17-Oct-18,1,1,4,12,7,1,4,4,11.8,1,0,0,7.3,,,1,0,0.15,0.07,16.6,Silver,1,0,0.0186,
176,PSSP,PSSP,Exclusion,1,4,1,27,5,L,17-Oct-18,1,1,2,14,8,1,3,3,10.1,1,0,0,7.3,,,1,0,0.64,0.15,17.9,Silver,1,0,0.244,
177,PSSP,PSSP,Control,1,4,1,27,5,L,17-Oct-18,1,1,2,10,7,1,3,3,9.5,1,1,1,6.7,,,0,0,0.02,0.01,9.9,Silver,0,0,0.0145,190701  Dead
178,PSSP,POSE,Feedback,1,4,1,27,5,L,16-Oct-18,1,1,2,14,6,1,3,3,10.1,1,0,0,8.7,,,1,0,1.43,0.72,4.6,Silver,1,0,0.1334,
179,PSSP,POSE,Exclusion,1,4,1,27,5,L,16-Oct-18,1,1,1,10,5,1,4,4,7.8,1,0,0,5.6,,,1,0,1.01,0.71,8.1,Silver,1,0,0.1375,
180,PSSP,POSE,Control,1,4,1,27,5,L,16-Oct-18,1,0,3,12,5,0,4,3,9.8,1,0,0,4.7,,,0,0,,,,,0,0,,190502 leave 1 germ for focal
181,POSE,ARTR,Feedback,1,4,1,27,5,R,15-Oct-18,3,0,2,15,10,0,4,3,11.8,1,0,0,8.1,,,1,0,0.38,0.38,0.9,Silver,1,0,0.0444,190508 leave 1 germ for focal
182,POSE,ARTR,Exclusion,1,4,1,27,5,R,15-Oct-18,3,0,3,14,7,0,3,2,13.7,1,0,0,8.3,,,1,0,2.33,1.2,4.1,Silver,1,0,0.0015,found broken 181015 replace 181101; 190508 leave 1 germ for focal
183,POSE,ARTR,Control,1,4,1,27,5,R,15-Oct-18,3,0,6,18,9,0,5,4,16.8,1,0,0,10.2,,,1,0,0.69,0.49,1.3,Silver,1,0,0.0048,190508 leave 1 germ for focal
184,POSE,HECO,Feedback,1,4,1,27,5,R,18-Oct-18,1,0,3,10,6,0,5,4,13.8,1,0,0,10.8,,,1,0,0.13,0.07,10.3,Silver,1,0,0.0231,190508 leave 1 germ for focal
185,POSE,HECO,Exclusion,1,4,1,27,5,R,18-Oct-18,1,0,2,12,7,0,3,2,15.3,1,0,0,4.7,,,1,0,0.3,0.1,9,Silver,1,0,0.0307,190508 leave 1 germ for focal
186,POSE,HECO,Control,1,4,1,27,5,R,18-Oct-18,1,0,1,16,9,0,1,0,16.3,1,0,0,6.4,,,1,0,0.16,0.12,6.9,Silver,1,0,0.0137,190508 leave 1 germ for focal
187,POSE,PSSP,Feedback,1,4,1,27,5,R,17-Oct-18,1,1,2,12,8,1,2,2,12.8,1,0,0,14.1,,,1,0,0.14,0.09,15.8,Silver,1,0,0.0461,
188,POSE,PSSP,Exclusion,1,4,1,27,5,R,17-Oct-18,1,1,2,11,8,1,4,4,11.3,1,0,0,6.4,,,1,0,0.7,0.22,24.1,Silver,1,0,0.1691,
189,POSE,PSSP,Control,1,4,1,27,5,R,17-Oct-18,1,1,3,15,6,1,2,2,11.1,1,0,0,8,,,1,0,0.45,0.21,14,Silver,1,0,0.0469,
190,POSE,POSE,Feedback,1,4,1,27,5,R,16-Oct-18,1,1,1,12,4,1,2,2,8.2,1,0,0,5.8,1,,1,1,0.78,0.26,5.6,Silver,1,1,0.0736,Reproductive stalk 22.6 height
191,POSE,POSE,Exclusion,1,4,1,27,5,R,16-Oct-18,0,1,1,13,6,1,1,1,7.9,1,0,0,6.6,,,1,0,0.7,0.28,7.9,Silver,1,0,0.0671,181101 replace grasshopper damage
192,POSE,POSE,Control,1,4,1,27,5,R,16-Oct-18,1,1,2,17,10,1,3,3,5.7,1,0,0,4.5,1,,1,1,1.4,0.38,5.4,Silver,1,1,0.0726,Reproductive stalk 20.1 height
193,ARTR,ARTR,Feedback,1,4,1,27.8,1,L,15-Oct-18,0,0,4,46,0,0,4,3,9,1,0,0,8.1,,,1,0,3.72,2.32,3.9,Silver,1,0,0.0056,
194,ARTR,ARTR,Exclusion,1,4,1,27.8,1,L,15-Oct-18,1,0,4,45,0,0,4,3,8.9,1,0,0,8.1,,,1,0,1.16,0.76,1.8,Silver,1,0,0.0137,
195,ARTR,ARTR,Control,1,4,1,27.8,1,L,15-Oct-18,3,1,6,42,0,1,6,6,11.4,1,0,0,6.4,,,1,0,1.21,0.91,1.6,Silver,1,0,0.0033,
196,ARTR,HECO,Feedback,1,4,1,27.8,1,L,18-Oct-18,1,1,2,43,0,0,4,3,14.5,1,0,0,7.9,,,1,0,0.14,0.1,15,Silver,1,0,0.0228,
197,ARTR,HECO,Exclusion,1,4,1,27.8,1,L,18-Oct-18,1,0,2,38,0,0,2,1,10.7,1,0,0,8.1,,,1,0,0.36,0.13,19.9,Silver,1,0,0.0764,
198,ARTR,HECO,Control,1,4,1,27.8,1,L,18-Oct-18,1,0,3,29,5,0,4,3,10.6,1,0,0,6.4,,,1,0,0.21,0.05,7.1,Silver,1,0,0.0113,
199,ARTR,PSSP,Feedback,1,4,1,27.8,1,L,17-Oct-18,1,1,1,44,0,1,1,1,11.5,1,0,0,7.1,,,1,0,0.18,0.16,22.1,Silver,1,0,0.0716,
200,ARTR,PSSP,Exclusion,1,4,1,27.8,1,L,17-Oct-18,1,1,4,40,0,1,5,5,14.1,1,0,0,12.2,,,1,0,0.86,0.44,26.9,Silver,1,0,0.3036, Roots are poking out
201,ARTR,PSSP,Control,1,4,1,27.8,1,L,17-Oct-18,1,1,2,44,5,1,1,1,14.4,1,1,1,11,,,1,0,0.19,0.08,17.4,Silver,1,0,0.0359,
202,ARTR,POSE,Feedback,1,4,1,27.8,1,L,16-Oct-18,1,1,5,49,2,1,6,6,11.8,1,0,0,11.2,,,1,0,0.63,0.22,8.4,Silver,1,0,0.0896,
203,ARTR,POSE,Exclusion,1,4,1,27.8,1,L,16-Oct-18,1,1,2,49,0,1,4,4,14.1,1,0,0,7.7,,,1,0,0.96,0.41,8.9,Silver,1,0,0.1796,
204,ARTR,POSE,Control,1,4,1,27.8,1,L,16-Oct-18,1,1,4,51,0,1,5,5,13.5,1,0,0,11.5,,,1,0,0.61,0.41,5.3,Silver,1,0,0.0794,
205,BARE,ARTR,Feedback,1,4,1,28.5,3,R,15-Oct-18,3,0,1,,,0,4,3,11.7,1,0,0,9.7,,,1,0,0.46,0.24,0.9,Silver,1,0,0.0025,
206,BARE,ARTR,Exclusion,1,4,1,28.5,3,R,15-Oct-18,2,0,1,,,0,1,0,10.8,1,0,0,9.8,,,1,0,3.89,2.73,4.2,Silver,1,0,0.083,191101 don't look good +1 transplant
207,BARE,ARTR,Control,1,4,1,28.5,3,R,15-Oct-18,3,0,3,,,0,1,0,10.4,1,0,0,6.1,,,1,0,0.13,0.1,0.9,Silver,1,0,0.001,
208,BARE,HECO,Feedback,1,4,1,28.5,3,R,18-Oct-18,1,0,5,,,0,5,4,9.9,1,0,0,7,,,1,0,0.29,0.09,7.1,Silver,1,0,0.0249,
209,BARE,HECO,Exclusion,1,4,1,28.5,3,R,18-Oct-18,1,0,1,,,0,1,0,11.4,1,0,0,11.7,,,1,0,0.52,0.18,4.5,Silver,1,0,0.0398,
210,BARE,HECO,Control,1,4,1,28.5,3,R,18-Oct-18,1,0,0,,,0,0,0,11.1,0,0,0,9.8,,,0,0,,,,,0,0,,
211,BARE,PSSP,Feedback,1,4,1,28.5,3,R,17-Oct-18,1,1,2,,,1,3,3,9.1,1,0,0,9.2,,,1,0,0.42,0.3,12.8,Silver,1,0,0.0736,
212,BARE,PSSP,Exclusion,1,4,1,28.5,3,R,17-Oct-18,1,1,1,,,1,1,1,11.6,1,0,0,8.1,,,1,0,0.81,0.36,16.1,Silver,1,0,0.1668,
213,BARE,PSSP,Control,1,4,1,28.5,3,R,17-Oct-18,1,1,4,,,1,4,4,10.7,1,0,0,9.3,,,1,0,0.1,0.9,14.1,Silver,1,0,0.0403,
214,BARE,POSE,Feedback,1,4,1,28.5,3,R,16-Oct-18,1,1,3,,,1,4,4,8.8,1,0,0,5.5,,,1,0,1.31,0.39,5,Silver,0,0,0.0571,
215,BARE,POSE,Exclusion,1,4,1,28.5,3,R,16-Oct-18,1,1,4,,,1,3,3,9.3,1,0,0,4.3,,,1,0,1.71,0.79,3.6,Silver,1,0,0.2555,
216,BARE,POSE,Control,1,4,1,28.5,3,R,16-Oct-18,1,1,4,,,1,5,5,12.2,1,0,0,10.7,,,1,0,0.93,0.49,5.2,Silver,1,0,0.0763,
217,HECO,ARTR,Feedback,1,3,1,30.3,6,L,15-Oct-18,3,0,1,20,3,0,1,0,7.5,1,0,0,6.9,,,1,0,0.88,0.59,1.2,Silver,1,0,0.0028,
218,HECO,ARTR,Exclusion,1,3,1,30.3,6,L,15-Oct-18,2,1,0,18,8,1,0,0,7,1,0,0,6.5,,,1,0,3.17,2.77,3.9,Silver,1,0,0.0987,
219,HECO,ARTR,Control,1,3,1,30.3,6,L,15-Oct-18,3,2,0,17,9,1,0,0,5.1,1,0,0,9.2,,,1,0,2.95,2.33,3.6,Silver,1,0,0.0418,190508 pull 1 focal
220,HECO,HECO,Feedback,1,3,1,30.3,6,L,18-Oct-18,1,0,0,19,9,0,0,0,10.1,0,0,0,9.8,,,0,0,,,,,0,0,,
221,HECO,HECO,Exclusion,1,3,1,30.3,6,L,18-Oct-18,1,0,1,19,12,0,1,0,9.4,1,0,0,8,,,1,0,0.16,0.9,14,Silver,1,0,0.0594,
222,HECO,HECO,Control,1,3,1,30.3,6,L,18-Oct-18,1,0,2,17,10,0,3,2,12.4,1,0,0,8.3,,,1,0,0.08,0.08,12.8,Silver,1,0,0.0118,
223,HECO,PSSP,Feedback,1,3,1,30.3,6,L,17-Oct-18,1,1,5,15,9,1,6,6,10.7,1,0,0,5.5,,,1,0,0.21,0.14,14,Silver,1,0,0.0598,
224,HECO,PSSP,Exclusion,1,3,1,30.3,6,L,17-Oct-18,1,1,4,15,8,1,5,5,12.1,1,0,0,8.3,,,1,0,0.26,0.12,16.7,Silver,1,0,0.1098,
225,HECO,PSSP,Control,1,3,1,30.3,6,L,17-Oct-18,1,1,3,17,6,1,5,5,11,1,0,0,6.6,,,1,0,0.28,0.2,15.3,Silver,1,0,0.0271,
226,HECO,POSE,Feedback,1,3,1,30.3,6,L,16-Oct-18,1,1,1,16,8,1,1,1,13.1,1,0,0,7.4,,,1,0,1.03,0.54,4.5,Silver,1,0,0.0998,
227,HECO,POSE,Exclusion,1,3,1,30.3,6,L,16-Oct-18,1,1,2,17,7,1,5,5,11,1,0,0,7.7,,,1,0,0.95,0.48,4.5,Silver,1,0,0.1063,
228,HECO,POSE,Control,1,3,1,30.3,6,L,16-Oct-18,1,1,1,16,7,1,4,4,11.3,1,0,0,6.9,,,1,0,1.37,0.32,4.1,Silver,1,0,0.0847,
229,HECO,PSSP,Feedback,1,4,1,32.5,2,R,17-Oct-18,1,1,6,8,2,1,7,7,14,1,0,0,8,,,1,0,0.11,0.09,11.9,Silver,1,0,0.073,
230,HECO,PSSP,Exclusion,1,4,1,32.5,2,R,17-Oct-18,1,1,4,11,2,1,4,4,13.6,1,0,0,7.7,,,1,0,0.71,0.3,27.1,Silver,1,0,0.1345,
231,HECO,PSSP,Control,1,4,1,32.5,2,R,17-Oct-18,1,1,5,11,2,1,6,6,15,1,0,0,8.5,,,1,0,0.11,0.08,16.5,Silver,1,0,0.0106,"181101 grasshopper damage, but not enough to replace"
232,HECO,POSE,Feedback,1,4,1,32.5,2,R,16-Oct-18,1,1,5,14,6,1,6,6,16.6,1,0,0,8.7,,,1,0,0.99,0.71,3.4,Silver,1,0,0.0872,"181101 grasshopper damage, but not enough to replace"
233,HECO,POSE,Exclusion,1,4,1,32.5,2,R,16-Oct-18,1,1,4,10,3,1,4,4,14.6,1,0,0,7.4,,,1,0,1.38,1.29,5.4,Silver,1,0,0.3029,
234,HECO,POSE,Control,1,4,1,32.5,2,R,16-Oct-18,1,1,4,10,3,1,5,5,15.6,1,0,0,11.8,,,1,0,1.12,0.74,7,Silver,1,0,0.0842,
235,HECO,ARTR,Feedback,1,4,1,33,0,,15-Oct-18,2,0,5,12,4,0,6,5,13.3,1,0,0,5.9,,,1,0,1.18,0.76,2.2,Silver,1,0,0.0063,190508 leave 1 germ for focal
236,HECO,ARTR,Exclusion,1,4,1,33,0,,15-Oct-18,1,0,2,10,3,0,2,1,13.5,1,0,0,5.7,,,1,0,1.16,0.38,1.4,Silver,1,0,0.0038,181101 +2 transplant; 190508 leave 1 germ for focal
237,HECO,ARTR,Control,1,4,1,33,0,,15-Oct-18,0,0,5,12,7,0,5,4,14.6,1,0,0,5.9,,,0,0,0.44,0.27,1.1,Silver,0,0,0.0013,"190508 leave 1 germ for focal, 190701 1 dead, 1germinant"
238,HECO,HECO,Feedback,1,4,1,33,0,,18-Oct-18,1,0,2,9,5,0,3,2,15.6,1,0,0,7.3,,,1,0,0.15,0.08,10.8,Silver,1,0,0.0312,
239,HECO,HECO,Exclusion,1,4,1,33,0,,18-Oct-18,1,0,1,12,7,0,1,0,13.8,0,0,0,5.2,,,0,0,0.01,0.01,2.9,Silver,0,0,0.0006,190701 Dead with No roots
240,HECO,HECO,Control,1,4,1,33,0,,18-Oct-18,1,0,1,9,3,0,2,1,12.5,1,0,0,7.2,,,1,0,0.12,0.1,15.2,Silver,1,0,0.0167,
241,HECO,ARTR,Feedback,2,5,2,5.2,4,R,15-Oct-18,3,2,2,12,5,1,2,2,16.1,1,0,0,6.9,,,1,0,2.61,1.93,2.9,Silver,1,0,0.0388,190508 pull 1 focal
242,HECO,ARTR,Exclusion,2,5,2,5.2,4,R,15-Oct-18,3,3,3,16,6,1,3,3,14.4,1,0,0,11.4,,,1,0,2.9,1.73,3.9,Silver,1,0,0.0569,190508 pull 2 focal
243,HECO,ARTR,Control,2,5,2,5.2,4,R,15-Oct-18,3,1,3,18,4,1,4,4,15.3,1,0,0,10.1,,,1,0,0.78,0.67,2.1,Silver,1,0,0.0077,
244,HECO,HECO,Feedback,2,5,2,5.2,4,R,18-Oct-18,1,0,3,11,4,0,5,4,13.8,1,0,0,11,,,1,0,0.14,0.05,14.5,Silver,1,0,0.032,
245,HECO,HECO,Exclusion,2,5,2,5.2,4,R,18-Oct-18,1,0,2,18,5,0,2,1,16.1,1,0,0,9.7,,,1,0,0.34,0.08,19.3,Silver,1,0,0.0699,
246,HECO,HECO,Control,2,5,2,5.2,4,R,18-Oct-18,1,0,1,18,5,0,1,0,12.1,1,0,0,8.9,,,1,0,0.09,0.06,11.3,Silver,1,0,0.024,
247,HECO,PSSP,Feedback,2,5,2,5.2,4,R,17-Oct-18,1,1,7,16,6,1,8,8,11.8,1,0,0,8.5,,,1,0,0.46,0.14,21.7,Silver,1,0,0.0928,
248,HECO,PSSP,Exclusion,2,5,2,5.2,4,R,17-Oct-18,1,1,7,15,7,1,7,7,15.1,1,0,0,8.3,,,1,0,0.12,0.08,22.3,Silver,1,0,0.1023,"190701 1 germ, extra plant collected"
249,HECO,PSSP,Control,2,5,2,5.2,4,R,17-Oct-18,1,1,7,15,7,1,8,8,12.2,1,0,0,8.4,,,1,0,0.09,0.09,18.8,Silver,1,0,0.0511,190701 1 germ
250,HECO,POSE,Feedback,2,5,2,5.2,4,R,16-Oct-18,1,1,6,21,11,1,5,5,13.2,1,0,0,4.5,,,1,0,0.53,0.28,4.5,Silver,1,0,0.095,
251,HECO,POSE,Exclusion,2,5,2,5.2,4,R,16-Oct-18,0,0,3,22,11,0,2,1,11.7,1,0,0,6.1,,,1,0,0.39,0.39,8.1,Silver,1,0,0.106,
252,HECO,POSE,Control,2,5,2,5.2,4,R,16-Oct-18,1,1,4,15,8,1,3,3,15,1,0,0,4.9,,,1,0,1.34,0.36,6.4,Silver,1,0,0.0531,
253,PSSP,ARTR,Feedback,2,5,2,6,3,R,15-Oct-18,3,1,0,14,6,1,0,0,13,1,0,0,6.6,,,1,0,1.78,1.76,2.5,Silver,1,0,0.0207,
254,PSSP,ARTR,Exclusion,2,5,2,6,3,R,15-Oct-18,3,3,3,15,8,1,2,2,14.9,1,0,0,5.2,,,1,0,1.68,1.14,2.4,Silver,1,0,0.0304,190508 pull 2 focal
255,PSSP,ARTR,Control,2,5,2,6,3,R,15-Oct-18,3,1,6,13,7,1,6,6,13.7,1,0,0,7.7,,,1,0,2.02,1.6,3.5,Silver,1,0,0.0311,
256,PSSP,HECO,Feedback,2,5,2,6,3,R,18-Oct-18,1,0,3,16,10,0,3,2,10.6,1,0,0,6.3,,,1,0,0.39,0.15,5.7,Silver,1,0,0.0195,
257,PSSP,HECO,Exclusion,2,5,2,6,3,R,18-Oct-18,1,0,3,14,6,0,4,3,11.5,1,0,0,10.7,,,1,0,0.43,0.11,10.1,Silver,1,0,0.0441,
258,PSSP,HECO,Control,2,5,2,6,3,R,18-Oct-18,1,0,2,15,6,0,2,1,11.5,1,0,0,10,,,1,0,0.15,0.07,9.1,Silver,1,0,0.0146,
259,PSSP,PSSP,Feedback,2,5,2,6.2,3,R,17-Oct-18,1,0,4,12,7,0,4,3,9.8,1,0,0,4.6,,,1,0,0.11,0.07,16.3,Silver,1,0,0.0246,190508 leave 1 germ for focal
260,PSSP,PSSP,Exclusion,2,5,2,6.2,3,R,17-Oct-18,1,0,4,12,5,0,5,4,8.7,1,0,0,9,,,1,0,0.16,0.09,15.2,Silver,1,0,0.0355,190508 leave 1 germ for focal
261,PSSP,PSSP,Control,2,5,2,6.2,3,R,17-Oct-18,1,1,3,14,5,1,4,4,10.3,1,0,0,11.6,,,1,0,0.41,0.12,15.4,Silver,1,0,0.0284,"181101 grasshopper damage, but not enough to replace"
262,PSSP,POSE,Feedback,2,5,2,6.2,3,R,16-Oct-18,1,1,2,15,8,1,4,4,9.8,1,0,0,6.8,1,,1,1,1.34,0.42,5,Silver,0,1,0.1803,Reproductive stalk 26.3 height
263,PSSP,POSE,Exclusion,2,5,2,6.2,3,R,16-Oct-18,1,1,4,11,3,1,4,4,6.2,1,0,0,7.4,,,1,0,1.67,0.49,5.8,Silver,1,0,0.194,
264,PSSP,POSE,Control,2,5,2,6.2,3,R,16-Oct-18,0,0,4,13,7,0,4,3,9.5,1,0,0,9.1,,,1,0,0.01,0.01,2.9,Silver,0,0,0.0001,190508 leave 1 germ for focal
265,BARE,ARTR,Feedback,2,5,2,7,4,L,15-Oct-18,2,1,2,,,1,1,1,7.7,1,0,0,6,,,1,0,0.64,0.34,0.4,Pink,1,0,0.0083,
266,BARE,ARTR,Exclusion,2,5,2,7,4,L,15-Oct-18,3,0,3,,,0,3,2,11.1,1,0,0,10.8,,,1,0,0.54,3.63,0.8,Pink,1,0,0.0036,190508 leave 1 germ for focal
267,BARE,ARTR,Control,2,5,2,7,4,L,15-Oct-18,3,3,4,,,1,2,2,12.1,1,0,0,8.5,,,1,0,1.77,1.25,2.7,Pink,1,0,0.0423,091508 Pulled 1 focal
268,BARE,HECO,Feedback,2,5,2,7,4,L,18-Oct-18,1,0,0,,,0,1,0,9.7,1,0,0,10.6,,,1,0,0.11,0.11,8.2,Pink,1,0,0.0226,
269,BARE,HECO,Exclusion,2,5,2,7,4,L,18-Oct-18,1,0,0,,,0,0,0,12,0,0,0,13.8,,,0,0,,,,,0,0,,
270,BARE,HECO,Control,2,5,2,7,4,L,18-Oct-18,1,0,0,,,0,4,3,10.7,1,0,0,5.1,,,1,0,0.13,0.13,7.5,Pink,1,0,0.0186,
271,BARE,PSSP,Feedback,2,5,2,7,4,L,17-Oct-18,1,1,1,,,1,1,1,13.2,1,0,0,9.1,,,1,0,0.4,0.32,13.1,Pink,1,0,0.0738,
272,BARE,PSSP,Exclusion,2,5,2,7,4,L,17-Oct-18,1,1,2,,,1,2,2,13.2,1,1,1,9.8,,,1,0,0.57,0.34,12.7,Pink,1,0,0.0719,
273,BARE,PSSP,Control,2,5,2,7,4,L,17-Oct-18,1,1,4,,,1,4,4,7.9,1,0,0,10.4,,,1,0,0.31,0.08,19.1,Pink,1,0,0.0935,
274,BARE,POSE,Feedback,2,5,2,7,4,L,16-Oct-18,1,1,5,,,1,5,5,8.3,1,0,0,10.3,,,1,0,1.03,0.79,5.5,Silver,1,0,0.0361,
275,BARE,POSE,Exclusion,2,5,2,7,4,L,16-Oct-18,1,1,2,,,1,2,2,9.2,1,0,0,8.9,,,1,0,0.58,0.21,3.2,Silver,1,0,0.1571,
276,BARE,POSE,Control,2,5,2,7,4,L,16-Oct-18,1,1,1,,,1,1,1,12,1,0,0,10.5,,,1,0,0.9,0.3,4,Silver,1,0,0.0268,"181101 grasshopper damage, but not enough to replace"
277,POSE,ARTR,Feedback,2,5,2,7.1,0.5,L,15-Oct-18,3,3,2,15,5,1,2,2,10.3,1,0,0,9.7,,,1,0,1.59,1.13,1.5,Pink,1,0,0.0227,190508 pull 2 focal
278,POSE,ARTR,Exclusion,2,5,2,7.1,0.5,L,15-Oct-18,3,3,4,12,6,1,4,4,13.1,1,0,0,8,,,1,0,1.59,1.16,2.3,Pink,1,0,0.028,"190508 pull 1 focal, 190621 Actually 2 focal, pulled 1"
279,POSE,ARTR,Control,2,5,2,7.1,0.5,L,15-Oct-18,3,3,2,12,7,1,4,4,14.5,1,0,0,7.2,,,1,0,2.03,1.66,2.9,Pink,1,0,0.027,190508 pull 2 focal
280,POSE,HECO,Feedback,2,5,2,7.1,0.5,L,18-Oct-18,1,0,1,11,4,0,1,0,8.6,1,0,0,8.6,,,1,0,0.1,0.1,8.2,Pink,1,0,0.0224,
281,POSE,HECO,Exclusion,2,5,2,7.1,0.5,L,18-Oct-18,1,0,2,9,4,0,3,2,9.3,1,0,0,8.9,,,1,0,0.31,0.14,12.1,Pink,1,0,0.052,
282,POSE,HECO,Control,2,5,2,7.1,0.5,L,18-Oct-18,1,0,1,14,6,0,2,1,12.4,1,1,1,9.9,,,1,0,0.07,0.07,7.9,Pink,1,0,0.0139,
283,POSE,PSSP,Feedback,2,5,2,7.1,0.5,L,17-Oct-18,0,0,7,10,5,1,6,6,10.8,1,0,0,5.5,,,1,0,0.05,0.05,10.6,Pink,1,0,0.012,
284,POSE,PSSP,Exclusion,2,5,2,7.1,0.5,L,17-Oct-18,1,1,5,9,5,1,5,5,10.7,1,0,0,5,,,1,0,0.49,0.19,22.3,Pink,1,0,0.2233,
285,POSE,PSSP,Control,2,5,2,7.1,0.5,L,17-Oct-18,1,1,3,9,6,1,5,5,12.6,1,0,0,8.1,,,1,0,0.15,0.07,17.9,Pink,1,0,0.0489,
286,POSE,POSE,Feedback,2,5,2,7.1,0.5,L,16-Oct-18,1,1,1,15,6,1,3,3,12.5,1,0,0,10.5,,,1,0,0.47,0.26,5.8,Pink,1,0,0.0505,
287,POSE,POSE,Exclusion,2,5,2,7.1,0.5,L,16-Oct-18,1,1,4,7,5,1,6,6,8.4,1,0,0,10.4,1,,1,1,0.81,0.6,6,Pink,1,1,0.161,Reproductive stalk 25.8 height
288,POSE,POSE,Control,2,5,2,7.1,0.5,L,16-Oct-18,1,1,4,11,8,1,4,4,7.9,1,0,0,11.4,,,1,0,0.84,0.51,4.3,Pink,1,0,0.0485,
289,ARTR,ARTR,Feedback,2,5,2,8.9,0,,15-Oct-18,3,2,2,48,0,1,1,1,5.1,1,0,0,7.9,,,1,0,1.49,1.01,2.3,Pink,1,0,0.0225,
290,ARTR,ARTR,Exclusion,2,5,2,8.9,0,,15-Oct-18,3,0,2,37,0,0,0,0,11.6,0,0,0,7.6,,,0,0,,,,,0,0,,
291,ARTR,ARTR,Control,2,5,2,8.9,0,,15-Oct-18,3,0,0,31,0,1,0,0,8,1,0,0,8.9,,,1,0,1.04,0.51,0.8,Pink,1,0,0.0057,
292,ARTR,HECO,Feedback,2,5,2,8.9,0,,18-Oct-18,1,0,1,30,0,0,2,1,10.8,1,0,0,8.5,,,1,0,0.04,0.04,5,Pink,0,0,0.0036,190621 Almost dead
293,ARTR,HECO,Exclusion,2,5,2,8.9,0,,18-Oct-18,1,0,0,34,0,0,0,0,6.2,0,0,0,5.7,,,0,0,,,,,0,0,,
294,ARTR,HECO,Control,2,5,2,8.9,0,,18-Oct-18,1,0,2,38,0,0,2,1,12.5,1,0,0,11.1,,,1,0,0.07,0.07,8.7,Pink,1,0,0.0175,
295,ARTR,PSSP,Feedback,2,5,2,8.9,0,,17-Oct-18,1,1,7,36,0,1,6,6,11.1,1,0,0,12.2,,,1,0,0.3,1.1,21.2,Pink,1,0,0.063,
296,ARTR,PSSP,Exclusion,2,5,2,8.9,0,,17-Oct-18,1,1,7,32,2,1,7,7,14.2,1,0,0,9.9,,,1,0,0.87,0.32,25.7,Pink,1,0,0.3246,
297,ARTR,PSSP,Control,2,5,2,8.9,0,,17-Oct-18,1,1,8,34,0,1,9,9,14.5,1,0,0,7.2,,,1,0,0.13,0.13,28.4,Pink,1,0,0.0907,
298,ARTR,POSE,Feedback,2,5,2,8.9,0,,16-Oct-18,1,1,2,34,0,1,2,2,12.4,1,0,0,13.2,,1,1,0,0.54,0.23,5.7,Pink,1,0,0.0376, 
299,ARTR,POSE,Exclusion,2,5,2,8.9,0,,16-Oct-18,1,1,4,35,0,1,5,5,14.4,1,0,0,11.9,,1,1,0,1.19,0.49,12.8,Pink,1,0,0.1999,
300,ARTR,POSE,Control,2,5,2,8.9,0,,16-Oct-18,1,1,3,34,0,1,3,3,14.8,1,0,0,12.8,,1,1,0,0.59,0.2,9.1,Pink,1,0,0.0484,
301,POSE,ARTR,Feedback,2,6,2,10,1,R,15-Oct-18,3,2,1,10,4,1,0,0,9.8,1,0,0,6.3,,,1,0,1.16,0.48,1,Pink,1,0,0.0079,190621 Almost dead
302,POSE,ARTR,Exclusion,2,6,2,10,1,R,15-Oct-18,3,0,2,9,2,0,3,2,10.8,1,0,0,9,,,1,0,3.34,2.57,3.8,Pink,1,0,0.1224,
303,POSE,ARTR,Control,2,6,2,10,1,R,15-Oct-18,3,3,2,15,8,1,2,2,16,1,0,0,7.4,,,1,0,1.98,1.35,2.4,Pink,1,0,0.0322,190508 pull 2 focal
304,POSE,HECO,Feedback,2,6,2,10,1,R,18-Oct-18,1,0,1,17,6,0,3,2,5.8,1,1,1,5.4,,,0,0,,,,,0,0,,190621 Pulled. The focal was the wrong species. 
305,POSE,HECO,Exclusion,2,6,2,10,1,R,18-Oct-18,1,0,2,19,7,0,2,1,12.6,1,0,0,6.7,,,1,0,0.44,0.19,9.3,Pink,1,0,0.051,
306,POSE,HECO,Control,2,6,2,10,1,R,18-Oct-18,1,0,3,14,5,0,4,3,14.2,1,0,0,7.7,,,1,0,0.13,0.13,10.7,Pink,1,0,0.0209,
307,POSE,PSSP,Feedback,2,6,2,10,1,R,17-Oct-18,1,1,7,10,5,1,7,7,11.1,1,0,0,4.6,,,1,0,0.34,0.11,15.2,Pink,1,0,0.0901,
308,POSE,PSSP,Exclusion,2,6,2,10,1,R,17-Oct-18,1,1,6,11,2,1,9,9,10.9,1,0,0,6.5,,,1,0,0.57,0.12,22.4,Pink,1,0,0.1439,"181101 grasshopper damage, but not enough to replace"
309,POSE,PSSP,Control,2,6,2,10,1,R,17-Oct-18,1,1,3,13,8,1,4,4,10.8,1,0,0,7,,,1,0,0.49,0.14,17,Pink,1,0,0.0988,
310,POSE,POSE,Feedback,2,6,2,10,1,R,16-Oct-18,1,1,2,15,7,1,1,1,10.4,1,0,0,5,,,1,0,0.45,0.39,2.4,Pink,0,0,0.0318,"181101 grasshopper damage, but not enough to replace, 190621 Almost dead"
311,POSE,POSE,Exclusion,2,6,2,10,1,R,16-Oct-18,1,1,5,14,8,1,5,5,13,1,0,0,2.8,,,1,0,0.86,0.3,6.9,Pink,0,0,0.1741,"181101 grasshopper damage, but not enough to replace"
312,POSE,POSE,Control,2,6,2,10,1,R,16-Oct-18,1,1,2,16,11,1,1,1,16.1,1,0,0,3.5,,1,1,0,0.7,0.43,2.8,Pink,1,0,0.055,"181101 grasshopper damage, but not enough to replace"
313,ARTR,ARTR,Feedback,2,6,2,11.2,5,L,15-Oct-18,0,0,4,49,0,0,5,4,14.6,1,0,0,9,,,1,0,1.41,1.02,1.1,Pink,1,0,0.0076,190508 leave 1 germ for focal
314,ARTR,ARTR,Exclusion,2,6,2,11.2,5,L,15-Oct-18,3,0,6,42,0,0,4,3,8.5,1,0,0,10.8,,,1,0,3.39,2,3,Pink,1,0,0.0287,190508 leave 1 germ for focal
315,ARTR,ARTR,Control,2,6,2,11.2,5,L,15-Oct-18,0,0,0,49,0,0,0,0,13.5,0,0,0,8.1,,,0,0,,,,,0,0,,
316,ARTR,HECO,Feedback,2,6,2,11.2,5,L,18-Oct-18,1,0,0,48,0,0,4,3,17.6,1,1,1,3.4,,,1,0,0.09,0.09,14,Pink,1,0,0.024,
317,ARTR,HECO,Exclusion,2,6,2,11.2,5,L,18-Oct-18,1,0,0,50,0,0,3,2,14.2,1,0,0,7.3,,,1,0,0.11,0.11,24.1,Pink,1,0,0.0566,190621 1 germ
318,ARTR,HECO,Control,2,6,2,11.2,5,L,18-Oct-18,1,0,0,52,0,0,2,1,15.3,1,0,0,4.9,,,1,0,0.05,0.05,11.1,Pink,1,0,0.0129,
319,ARTR,PSSP,Feedback,2,6,2,11.2,5,L,17-Oct-18,1,1,5,52,0,1,6,6,12.8,1,0,0,6.8,,,1,0,0.29,0.1,26.2,Pink,1,0,0.0811,
320,ARTR,PSSP,Exclusion,2,6,2,11.2,5,L,17-Oct-18,1,1,3,50,0,1,4,4,14.7,1,0,0,12.9,,,1,0,0.24,0.18,33.2,Pink,1,0,0.0861,
321,ARTR,PSSP,Control,2,6,2,11.2,5,L,17-Oct-18,1,1,2,50,0,1,4,4,12.5,1,0,0,8.6,,,1,0,0.16,0.16,19.8,Pink,1,0,0.0612,
322,ARTR,POSE,Feedback,2,6,2,11.2,5,L,16-Oct-18,1,1,3,36,0,1,4,4,11.4,1,0,0,6,1,,1,1,0.52,0.51,5.4,Pink,1,0,0.0861,Reproductive stalk 42 height
323,ARTR,POSE,Exclusion,2,6,2,11.2,5,L,16-Oct-18,1,1,0,34,0,1,1,1,8.3,1,0,0,7.6,,1,1,0,0.96,0.41,11.1,Pink,1,0,0.1972,
324,ARTR,POSE,Control,2,6,2,11.2,5,L,16-Oct-18,1,1,6,35,0,1,5,5,12,1,0,0,8.9,,,1,0,0.36,0.17,7.5,Pink,1,0,0.0418,
325,BARE,ARTR,Feedback,2,6,2,12.5,0,,15-Oct-18,3,2,1,,,1,0,0,12.2,1,0,0,8.5,,,1,0,0.14,0.11,1.5,Pink,1,0,0.0152,190508 pull 1 focal
326,BARE,ARTR,Exclusion,2,6,2,12.5,0,,15-Oct-18,3,3,2,,,1,1,1,13,1,0,0,6.1,,,1,0,1.85,1.39,2.2,Pink,1,0,0.0242,190508 pull 2 focal
327,BARE,ARTR,Control,2,6,2,12.5,0,,15-Oct-18,3,2,3,,,1,3,3,12.5,1,0,0,4.4,,,1,0,0.88,0.49,1.5,Pink,1,0,0.0087,"190508 pull 1 focal, 190621 Dead but still has mass"
328,BARE,HECO,Feedback,2,6,2,12.5,0,,18-Oct-18,1,0,5,,,0,5,4,9.8,0,0,0,8.9,,,0,0,0.07,0.07,3.6,Pink,0,0,0.0023,
329,BARE,HECO,Exclusion,2,6,2,12.5,0,,18-Oct-18,1,0,3,,,0,3,2,10.2,1,0,0,5.7,,,1,0,0.29,0.12,8.6,Pink,1,0,0.0516,
330,BARE,HECO,Control,2,6,2,12.5,0,,18-Oct-18,1,0,0,,,0,1,0,5.7,1,0,0,9.5,,,1,0,0.11,0.11,3.8,Pink,1,0,0.0232,
331,BARE,PSSP,Feedback,2,6,2,12.5,0,,17-Oct-18,1,1,8,,,1,10,10,8.3,1,0,0,6.2,,,1,0,0.52,0.11,10.4,Pink,1,0,0.0558,
332,BARE,PSSP,Exclusion,2,6,2,12.5,0,,17-Oct-18,1,1,7,,,1,8,8,10.7,1,0,0,5.1,,,1,0,0.48,0.16,13.1,Pink,1,0,0.1701,
333,BARE,PSSP,Control,2,6,2,12.5,0,,17-Oct-18,1,1,3,,,1,5,5,12.5,1,0,0,6,,,1,0,0.11,0.11,18.3,Pink,1,0,0.0522,
334,BARE,POSE,Feedback,2,6,2,12.5,0,,16-Oct-18,1,1,2,,,1,2,2,11.9,1,0,0,4.8,,,1,0,0.6,0.22,4.8,Pink,1,0,0.086,
335,BARE,POSE,Exclusion,2,6,2,12.5,0,,16-Oct-18,1,1,2,,,1,3,3,13.6,1,0,0,6.3,,1,1,0,0.73,0.65,3.6,Pink,1,0,0.1501,
336,BARE,POSE,Control,2,6,2,12.5,0,,16-Oct-18,1,1,1,,,1,1,1,11.6,1,0,0,7.3,1,,1,1,1.03,0.66,2.9,Pink,1,1,0.1974,Reproductive stalk 22.8 height
337,PSSP,ARTR,Feedback,2,6,2,16.3,4,L,15-Oct-18,3,2,3,18,8,1,5,5,10.2,1,0,0,5.9,,1,1,0,2.25,1.43,3.8,Pink,1,0,0.0228,190508 pull 1 focal
338,PSSP,ARTR,Exclusion,2,6,2,16.3,4,L,15-Oct-18,3,1,6,18,8,1,7,7,13.3,1,0,0,7.7,,,1,0,3.07,1.99,2.8,Pink,1,0,0.0538,
339,PSSP,ARTR,Control,2,6,2,16.3,4,L,15-Oct-18,3,1,5,18,9,1,6,6,12.8,1,0,0,4.8,,,1,0,1.61,1.53,1.9,Pink,1,0,0.0198,
340,PSSP,HECO,Feedback,2,6,2,16.3,4,L,18-Oct-18,1,0,1,19,9,0,3,2,8.8,1,0,0,6.1,,,1,0,0.25,0.11,16.1,Pink,1,0,0.0783,
341,PSSP,HECO,Exclusion,2,6,2,16.3,4,L,18-Oct-18,1,0,2,18,9,0,3,2,14,1,0,0,6.5,,,1,0,0.28,0.11,14.3,Pink,1,0,0.069,
342,PSSP,HECO,Control,2,6,2,16.3,4,L,18-Oct-18,1,1,4,14,8,0,1,0,11,1,0,0,5.9,,,1,0,0.07,0.07,14.5,Pink,1,0,0.0316,
343,PSSP,PSSP,Feedback,2,6,2,16.3,4,L,17-Oct-18,1,1,2,19,12,1,3,3,11.3,1,0,0,6.2,,,1,0,0.14,0.12,12.9,Pink,1,0,0.0834,
344,PSSP,PSSP,Exclusion,2,6,2,16.3,4,L,17-Oct-18,1,1,3,18,12,1,3,3,14.4,1,1,1,10.1,,,1,0,0.9,0.32,16.6,Pink,1,0,0.1852,
345,PSSP,PSSP,Control,2,6,2,16.3,4,L,17-Oct-18,1,1,4,17,11,1,7,7,12.5,1,0,0,7.1,,,1,0,0.23,0.1,21.6,Pink,1,0,0.0686,
346,PSSP,POSE,Feedback,2,6,2,16.3,4,L,16-Oct-18,1,1,1,17,11,1,0,0,11.8,1,0,0,6.8,,,1,0,0.96,0.45,3.8,Pink,1,0,0.095,
347,PSSP,POSE,Exclusion,2,6,2,16.3,4,L,16-Oct-18,1,1,1,19,11,1,1,1,12.3,1,0,0,6.8,1,,1,1,1.05,0.83,7.1,Pink,1,1,0.2526,Reproductive stalk 25.1 height
348,PSSP,POSE,Control,2,6,2,16.3,4,L,16-Oct-18,1,1,1,18,10,1,1,1,12.7,1,0,0,6.7,,,1,0,0.77,0.18,6.5,Pink,1,0,0.1355,
349,HECO,ARTR,Feedback,2,6,2,6,3,R,15-Oct-18,1,0,2,13,5,0,2,1,14.7,1,0,0,9.9,,,0,0,,,,,0,0,,181101 +2 transplant
350,HECO,ARTR,Exclusion,2,6,2,6,3,R,15-Oct-18,3,1,1,15,9,1,1,1,16.5,1,0,0,7.8,,1,1,0,1.82,1.34,3.9,Pink,1,0,0.043,190508 pull 1 focal
351,HECO,ARTR,Control,2,6,2,6,3,R,15-Oct-18,3,2,1,14,6,1,2,2,17.5,1,0,0,9.8,,,1,0,1.66,0.85,1.1,Pink,1,0,0.0105,190508 pull 1 focal
352,HECO,HECO,Feedback,2,6,2,6,3,R,18-Oct-18,1,0,5,13,5,0,5,4,14.7,1,0,0,7.5,,,1,0,0.18,0.1,14.8,Pink,1,0,0.0519,
353,HECO,HECO,Exclusion,2,6,2,6,3,R,18-Oct-18,1,0,2,14,9,0,3,2,14.4,1,1,1,8,,,1,0,0.22,0.16,14,Pink,1,0,0.0551,
354,HECO,HECO,Control,2,6,2,6,3,R,18-Oct-18,1,0,5,12,5,0,5,4,12.6,1,0,0,9.4,,,1,0,0.1,0.1,12.6,Pink,1,0,0.0255,
355,HECO,PSSP,Feedback,2,6,2,6,3,R,17-Oct-18,1,1,3,12,5,1,3,3,9.6,1,1,1,8.6,,,1,0,0.33,0.08,19.4,Pink,1,0,0.1092,
356,HECO,PSSP,Exclusion,2,6,2,6,3,R,17-Oct-18,0,0,2,15,10,0,2,1,12.6,1,0,0,7.1,,,1,0,0.25,0.17,22.5,Pink,1,0,0.1094,190508 leave 1 germ for focal
357,HECO,PSSP,Control,2,6,2,6,3,R,17-Oct-18,1,1,2,12,6,1,3,3,16.4,1,0,0,8.3,,,1,0,0.47,0.19,21.8,Pink,1,0,0.0882,
358,HECO,POSE,Feedback,2,6,2,6,3,R,16-Oct-18,1,1,7,15,7,1,7,7,11.2,1,0,0,11.3,,,1,0,0.93,0.58,5,Pink,1,0,0.1209,
359,HECO,POSE,Exclusion,2,6,2,6,3,R,16-Oct-18,1,1,6,12,7,1,6,6,13.2,1,0,0,8.3,,1,1,0,0.97,0.71,8.6,Pink,1,0,0.2415,
360,HECO,POSE,Control,2,6,2,6,3,R,16-Oct-18,1,1,3,11,7,1,5,5,15.3,1,0,0,7.8,,,1,0,0.06,0.06,3.8,Pink,1,0,0.0132,190621 Almost dead
361,PSSP,ARTR,Feedback,3,7,3,1.8,3,L,15-Oct-18,3,1,4,15,6,1,4,4,9.9,1,0,0,5.1,,,1,0,1.37,1.03,1.7,Pink,1,0,0.0306,
362,PSSP,ARTR,Exclusion,3,7,3,1.8,3,L,15-Oct-18,3,3,5,14,3,1,5,5,11.8,1,0,0,3.8,,,1,0,3.66,1.99,5.5,Pink,1,0,0.1973,190508 pull 2 focal
363,PSSP,ARTR,Control,3,7,3,1.8,3,L,15-Oct-18,3,1,0,16,9,1,0,0,15,1,0,0,5.3,,,1,0,1.83,1.63,3.2,Pink,1,0,0.1747,
364,PSSP,HECO,Feedback,3,7,3,1.8,3,L,18-Oct-18,1,1,0,13,4,0,1,0,13,1,0,0,9.5,,,1,0,0.12,0.12,15.5,Pink,1,0,0.0184,
365,PSSP,HECO,Exclusion,3,7,3,1.8,3,L,18-Oct-18,1,0,0,11,5,0,0,0,11.6,0,0,0,7.8,,,0,0,,,,,0,0,,
366,PSSP,HECO,Control,3,7,3,1.8,3,L,18-Oct-18,1,1,3,17,8,0,2,1,14.5,1,0,0,7.2,,,1,0,0.11,0.11,6.2,Pink,1,0,0.0152,
367,PSSP,PSSP,Feedback,3,7,3,1.8,3,L,17-Oct-18,1,1,3,16,6,1,4,4,11.3,1,0,0,4.4,,,1,0,0.17,0.17,19.3,Pink,1,0,0.0644,
368,PSSP,PSSP,Exclusion,3,7,3,1.8,3,L,17-Oct-18,1,1,7,14,7,1,7,7,12.3,1,1,1,7.5,,,1,0,0.75,0.32,28.6,Pink,1,0,0.3227,190620 Extra piece of biomass accidentally snapped off. It was collected
369,PSSP,PSSP,Control,3,7,3,1.8,3,L,17-Oct-18,1,1,3,13,2,1,4,4,11.4,1,0,0,6.7,,,1,0,0.14,0.14,13.8,Pink,1,0,0.0358,
370,PSSP,POSE,Feedback,3,7,3,1.8,3,L,16-Oct-18,1,1,2,14,8,1,2,2,10.8,1,0,0,6.7,,1,1,0,0.94,0.77,3.6,Pink,1,0,0.12,
371,PSSP,POSE,Exclusion,3,7,3,1.8,3,L,16-Oct-18,0,0,7,13,5,0,8,7,8.4,1,1,1,6.2,,1,1,0,0.6,0.31,8.9,Pink,1,0,0.1126,190508 leave 1 germ for focal
372,PSSP,POSE,Control,3,7,3,1.8,3,L,16-Oct-18,1,0,5,16,8,1,5,5,12.9,1,0,0,6.5,,,1,0,0.88,0.59,5.2,Pink,1,0,0.084,
373,HECO,ARTR,Feedback,3,7,3,1.8,7,L,15-Oct-18,3,0,0,17,4,0,1,0,15.8,0,0,0,7.1,,,0,0,,,,,0,0,,
374,HECO,ARTR,Exclusion,3,7,3,1.8,7,L,15-Oct-18,3,1,3,16,5,1,3,3,11,1,0,0,5.9,,,1,0,2.24,1.76,3.9,Pink,1,0,0.0533,
375,HECO,ARTR,Control,3,7,3,1.8,7,L,15-Oct-18,2,1,0,14,5,1,2,2,11.3,1,0,0,10.9,,,1,0,2.23,1.62,2.6,Pink,1,0,0.0158,
376,HECO,HECO,Feedback,3,7,3,1.8,7,L,18-Oct-18,1,1,3,9,3,0,2,1,7.2,1,1,1,8.3,,,1,0,0.1,0.1,15.5,Pink,1,0,0.0355,
377,HECO,HECO,Exclusion,3,7,3,1.8,7,L,18-Oct-18,1,0,0,10,4,0,0,0,11.3,0,0,0,8.1,,,0,0,,,,,0,0,,
378,HECO,HECO,Control,3,7,3,1.8,7,L,18-Oct-18,1,0,2,9,5,0,4,1,14.7,1,0,0,9.9,,,1,0,0.12,0.12,9.3,Pink,1,0,0.0239,
379,HECO,PSSP,Feedback,3,7,3,1.8,7,L,17-Oct-18,1,1,3,8,2,1,3,3,11.8,1,0,0,9.4,,,1,0,0.33,0.15,22.2,Pink,1,0,0.1234,
380,HECO,PSSP,Exclusion,3,7,3,1.8,7,L,17-Oct-18,1,1,6,6,4,1,5,5,12.4,1,0,0,5.6,,,1,0,0.84,0.35,25,Pink,1,0,0.4398,
381,HECO,PSSP,Control,3,7,3,1.8,7,L,17-Oct-18,1,1,1,9,5,1,1,1,13.5,1,1,1,8.6,,,1,0,0.33,0.16,7.8,Pink,1,0,0.0644,
382,HECO,POSE,Feedback,3,7,3,1.8,7,L,16-Oct-18,1,1,7,10,5,1,8,8,15.6,1,0,0,8.6,,,1,0,1.23,0.31,6.3,Pink,1,0,0.0968,
383,HECO,POSE,Exclusion,3,7,3,1.8,7,L,16-Oct-18,1,1,3,9,2,1,4,4,8.6,1,0,0,6.7,,1,1,0,1.18,0.73,7.4,Pink,1,0,0.1936,
384,HECO,POSE,Control,3,7,3,1.8,7,L,16-Oct-18,1,1,5,9,4,1,3,6,14.8,1,0,0,8.6,,,1,0,0.82,0.19,4.6,Pink,1,0,0.0524,"181101 grasshopper damage, but not enough to replace"
385,POSE,ARTR,Feedback,3,7,3,1.8,2.5,R,15-Oct-18,3,1,0,9,4,1,0,0,7.8,0,0,0,4.6,,,0,0,,,,,0,0,,
386,POSE,ARTR,Exclusion,3,7,3,1.8,2.5,R,15-Oct-18,3,0,3,10,5,0,1,0,11.8,1,0,0,8.1,,,1,0,1.01,0.55,1.4,Pink,1,0,0.0089,
387,POSE,ARTR,Control,3,7,3,1.8,2.5,R,15-Oct-18,3,1,2,9,5,1,0,0,12.4,1,0,0,4.2,,,1,0,1.08,0.78,1.4,Pink,1,0,0.0136,
388,POSE,HECO,Feedback,3,7,3,1.8,2.5,R,18-Oct-18,1,1,0,13,5,0,0,0,10.2,0,0,0,5.6,,,0,0,,,,,0,0,,
389,POSE,HECO,Exclusion,3,7,3,1.8,2.5,R,18-Oct-18,1,0,0,12,5,0,1,0,12.2,1,0,0,6.7,,,1,0,0.56,0.19,1.3,Pink,1,0,0.0162,
390,POSE,HECO,Control,3,7,3,1.8,2.5,R,18-Oct-18,1,0,2,10,4,0,2,1,13.1,1,0,0,6.7,,,1,0,0.12,0.12,7.8,Pink,1,0,0.0219,
391,POSE,PSSP,Feedback,3,7,3,3.9,1,L,17-Oct-18,1,1,4,11,4,1,3,3,9.6,1,0,0,6.3,,,1,0,0.37,0.14,17.5,Pink,1,0,0.0668,
392,POSE,PSSP,Exclusion,3,7,3,3.9,1,L,17-Oct-18,1,1,3,12,8,1,5,5,10.2,1,0,0,4.8,,,1,0,0.52,0.3,24.2,Pink,1,0,0.1916,
393,POSE,PSSP,Control,3,7,3,3.9,1,L,17-Oct-18,1,1,3,9,5,1,2,2,13.9,1,0,0,4.6,,,1,0,0.2,0.2,17.4,Pink,1,0,0.0444,
394,POSE,POSE,Feedback,3,7,3,3.9,1,L,16-Oct-18,1,1,6,14,9,1,6,6,14.6,1,0,0,8.2,,1,1,0,0.82,0.57,5.1,Pink,1,0,0.0656,
395,POSE,POSE,Exclusion,3,7,3,3.9,1,L,16-Oct-18,1,1,3,10,5,1,4,4,7,1,0,0,6.9,,,1,0,1.4,0.82,4.8,Pink,1,0,0.1906,
396,POSE,POSE,Control,3,7,3,3.9,1,L,16-Oct-18,1,1,4,7,4,1,4,4,13.8,1,1,1,5.5,,,1,0,0.66,0.39,7.5,Pink,1,0,0.0489,
397,ARTR,ARTR,Feedback,3,7,3,6.3,0,,16-Oct-18,3,1,4,31,0,1,4,4,13.7,1,0,0,8.3,,,1,0,2.41,1.75,2.4,Pink,1,0,0.0234,
398,ARTR,ARTR,Exclusion,3,7,3,6.3,0,,16-Oct-18,2,2,1,29,0,1,1,1,8.3,1,0,0,6.5,,,1,0,3.25,1.94,4.7,Pink,1,0,0.0788,190508 pull 1 focal
399,ARTR,ARTR,Control,3,7,3,6.3,0,,16-Oct-18,3,1,2,29,0,1,1,1,6,1,1,1,7,,,1,0,1.82,1.65,1.7,Pink,1,0,0.018,
400,ARTR,HECO,Feedback,3,7,3,6.3,0,,18-Oct-18,1,0,1,32,0,0,3,2,8.9,1,0,0,6.5,,,1,0,0.12,0.12,12.2,Pink,1,0,0.031,
401,ARTR,HECO,Exclusion,3,7,3,6.3,0,,18-Oct-18,1,0,0,34,0,0,1,0,10.1,1,0,0,7.8,,,1,0,0.4,0.17,4.5,Pink,1,0,0.0224,
402,ARTR,HECO,Control,3,7,3,6.3,0,,18-Oct-18,1,0,1,42,0,0,3,2,13.6,1,1,1,5.8,,,1,0,0.11,0.11,7.3,Pink,1,0,0.0067,
403,ARTR,PSSP,Feedback,3,7,3,6.3,0,,18-Oct-18,1,1,4,44,0,1,5,5,9.6,1,0,0,8.6,,,1,0,0.16,0.16,16.2,Pink,1,0,0.0362,
404,ARTR,PSSP,Exclusion,3,7,3,6.3,0,,18-Oct-18,1,1,4,47,0,1,5,5,10.2,1,1,1,8.8,,,1,0,0.4,0.14,17.7,Pink,1,0,0.165,
405,ARTR,PSSP,Control,3,7,3,6.3,0,,18-Oct-18,1,1,4,50,0,1,5,5,12.9,1,0,0,7.3,,,1,0,0.16,0.16,21.5,Pink,1,0,0.0704,
406,ARTR,POSE,Feedback,3,7,3,6.3,0,,17-Oct-18,1,1,3,35,0,1,4,4,6.7,1,0,0,9.1,,1,1,0,0.87,0.48,6.8,Pink,1,0,0.0539,
407,ARTR,POSE,Exclusion,3,7,3,6.3,0,,17-Oct-18,1,1,7,51,0,1,6,6,12.1,1,1,1,11.2,,1,1,0,1.13,0.69,6.1,Pink,1,0,0.0909,
408,ARTR,POSE,Control,3,7,3,6.3,0,,17-Oct-18,1,1,6,55,4,1,5,5,9.1,1,0,0,12.1,,1,1,0,0.38,0.19,7.5,Pink,1,0,0.063,
409,BARE,ARTR,Feedback,3,7,3,6.5,1,L,16-Oct-18,0,0,1,,,0,1,0,15.8,1,0,0,5.5,,,0,0,,,,,0,0,,
410,BARE,ARTR,Exclusion,3,7,3,6.5,1,L,16-Oct-18,1,1,0,,,1,1,1,13.8,1,0,0,9.9,,,1,0,3.93,3.01,4.7,Pink,1,0,0.0769,
411,BARE,ARTR,Control,3,7,3,6.5,1,L,16-Oct-18,3,2,1,,,1,0,0,12.3,1,0,0,7.5,,,1,0,1.76,1.14,1.3,Pink,1,0,0.0182,190508 pull 1 focal
412,BARE,HECO,Feedback,3,7,3,6.5,1,L,18-Oct-18,1,0,3,,,0,3,2,10.8,1,0,0,9.5,,,1,0,0.21,0.12,7,Pink,1,0,0.0199,
413,BARE,HECO,Exclusion,3,7,3,6.5,1,L,18-Oct-18,1,0,2,,,0,2,1,16.3,1,0,0,8.9,,,1,0,0.44,0.16,5.8,Pink,1,0,0.0426,
414,BARE,HECO,Control,3,7,3,6.5,1,L,18-Oct-18,1,0,0,,,0,0,0,15.9,0,0,0,4.9,,,0,0,,,,,0,0,,
415,BARE,PSSP,Feedback,3,7,3,6.5,1,L,18-Oct-18,1,1,2,,,1,3,3,11.5,1,0,0,9.3,,,1,0,0.28,0.1,10.9,Pink,1,0,0.0415,
416,BARE,PSSP,Exclusion,3,7,3,6.5,1,L,18-Oct-18,1,1,5,,,1,5,5,13.4,1,0,0,9.1,,,1,0,0.73,2.53,16,Pink,1,0,0.1864,
417,BARE,PSSP,Control,3,7,3,6.5,1,L,18-Oct-18,1,1,5,,,1,6,6,10,1,0,0,10.2,,,1,0,0.08,0.08,19.6,Pink,1,0,0.0469,
418,BARE,POSE,Feedback,3,7,3,6.5,1,L,17-Oct-18,1,1,5,,,1,5,5,12.4,1,0,0,7.4,,,1,0,0.71,0.58,3,Pink,1,0,0.0305,
419,BARE,POSE,Control,3,7,3,6.5,1,L,17-Oct-18,1,1,3,,,1,4,4,11.8,1,0,0,7.7,,,1,0,0.64,0.42,3,Pink,1,0,0.0289,"181101 grasshopper damage, but not enough to replace"
420,BARE,POSE,Exclusion,3,7,3,6.5,1,L,17-Oct-18,1,1,3,,,1,3,3,9.7,1,0,0,6.4,,1,1,0,0.82,0.3,6.8,Pink,1,0,0.159,
421,POSE,ARTR,Feedback,3,8,3,9.2,2.5,L,16-Oct-18,3,2,0,7,3,1,2,2,8,1,0,0,7.2,,,1,0,1.42,0.71,1.5,Pink,1,0,0.0232,190508 pull 1 focal
422,POSE,ARTR,Exclusion,3,8,3,9.2,2.5,L,16-Oct-18,3,2,0,6,3,1,0,0,10.6,1,0,0,6.8,,,1,0,2.79,2.24,3.2,Pink,1,0,0.1166,190508 pull 1 focal
423,POSE,ARTR,Control,3,8,3,9.2,2.5,L,16-Oct-18,3,3,0,9,4,1,0,0,10.8,1,0,0,5.5,,,1,0,1.88,1.63,1.8,Pink,1,0,0.0212,190508 pull 1 focal
424,POSE,HECO,Feedback,3,8,3,9.2,2.5,L,18-Oct-18,1,0,3,11,6,0,5,4,7.1,1,1,1,6,,,1,0,0.3,0.09,4.8,Pink,1,0,0.0234,
425,POSE,HECO,Exclusion,3,8,3,9.2,2.5,L,18-Oct-18,1,0,1,10,7,0,1,0,11.2,1,0,0,4.9,,,1,0,0.5,1.21,4.4,Pink,1,0,0.0355,
426,POSE,HECO,Control,3,8,3,9.2,2.5,L,18-Oct-18,1,0,3,12,7,0,3,2,13.7,1,0,0,6.1,,,1,0,0.1,0.1,5.9,Pink,1,0,0.015,
427,POSE,PSSP,Feedback,3,8,3,11,2,L,18-Oct-18,1,1,8,11,6,1,8,8,12.3,1,0,0,8.3,,,1,0,0.1,0.1,17.4,Pink,1,0,0.0471,
428,POSE,PSSP,Exclusion,3,8,3,11,2,L,18-Oct-18,1,1,8,12,6,1,8,8,13.1,1,0,0,6.6,,,1,0,0.25,0.18,13.2,Pink,1,0,0.1877,
429,POSE,PSSP,Control,3,8,3,11,2,L,18-Oct-18,1,1,4,9,5,1,7,7,10.2,1,0,0,7.6,,,1,0,0.21,0.16,19.8,Pink,1,0,0.1473,
430,POSE,POSE,Feedback,3,8,3,11,2,L,17-Oct-18,1,1,5,11,5,1,5,5,15.6,1,0,0,6.1,,,1,0,0.74,0.35,3.4,Pink,0,1,0.0606,
431,POSE,POSE,Exclusion,3,8,3,11,2,L,17-Oct-18,1,1,4,10,6,1,6,6,12.4,1,0,0,6.8,,1,1,0,1.05,0.78,3.1,Pink,1,0,0.1348,
432,POSE,POSE,Control,3,8,3,11,2,L,17-Oct-18,1,1,4,12,5,1,4,4,7.6,1,0,0,3.8,,,1,0,1.12,0.26,4.5,Pink,1,0,0.0916,
433,BARE,ARTR,Feedback,3,8,3,12,7,L,16-Oct-18,3,3,1,,,1,1,1,16.2,1,0,0,6.8,,,1,0,1.44,1.35,1.9,Pink,1,0,0.0285,190508 pull 2 focal
434,BARE,ARTR,Exclusion,3,8,3,12,7,L,16-Oct-18,2,1,3,,,1,3,3,15,1,0,0,6.2,,,1,0,2.56,2.46,3.9,Pink,1,0,0.0854,181101 +1 transplant
435,BARE,ARTR,Control,3,8,3,12,7,L,16-Oct-18,3,3,2,,,1,0,0,13.7,1,0,0,6.2,,,1,0,1.25,0.85,1.3,Pink,1,0,0.0106,190508 pull 2 focal
436,BARE,HECO,Feedback,3,8,3,12,7,L,18-Oct-18,1,0,2,,,0,2,1,16.2,1,0,0,9.5,,,1,0,0.17,0.17,7.5,Pink,1,0,0.0268,
437,BARE,HECO,Exclusion,3,8,3,12,7,L,18-Oct-18,1,0,2,,,0,2,1,15.1,1,0,0,10.5,,,1,0,0.7,0.27,9.5,Pink,1,0,0.0911,
438,BARE,HECO,Control,3,8,3,12,7,L,18-Oct-18,1,0,2,,,0,2,1,16.1,1,0,0,9.4,,,1,0,0.1,0.1,5.3,Pink,1,0,0.0176,
439,BARE,PSSP,Feedback,3,8,3,12,7,L,18-Oct-18,1,1,7,,,1,7,7,14.1,1,0,0,10.4,,,1,0,0.14,0.14,17.7,Pink,1,0,0.0876,
440,BARE,PSSP,Exclusion,3,8,3,12,7,L,18-Oct-18,1,1,8,,,1,8,8,14,1,0,0,11,,,1,0,0.9,0.6,13.8,Pink,1,0,0.1533,
441,BARE,PSSP,Control,3,8,3,12,7,L,18-Oct-18,1,1,2,,,1,3,3,17.1,1,0,0,6.5,,,1,0,0.2,0.08,14.3,Pink,1,0,0.083,
442,BARE,POSE,Feedback,3,8,3,12,7,L,17-Oct-18,1,1,2,,,1,2,2,16.9,1,0,0,7.9,,,1,0,0.74,0.39,4.9,Pink,1,0,0.0655,
443,BARE,POSE,Exclusion,3,8,3,12,7,L,17-Oct-18,1,1,4,,,1,4,4,17.8,1,0,0,9.3,,1,1,0,0.95,0.46,6.4,Pink,1,0,0.1566,
444,BARE,POSE,Control,3,8,3,12,7,L,17-Oct-18,1,1,6,,,1,7,7,17.7,1,0,0,8.6,,1,1,0,0.64,0.28,3.3,Pink,1,0,0.0409,
445,ARTR,ARTR,Feedback,3,8,3,13.3,5,L,16-Oct-18,3,2,1,20,0,1,1,1,11.9,1,0,0,9.4,,,1,0,2.88,1.96,2.5,Pink,1,0,0.0376,190508 pull 1 focal
446,ARTR,ARTR,Exclusion,3,8,3,13.3,5,L,16-Oct-18,3,0,0,16,0,0,1,0,13.9,1,0,0,12.3,,,1,0,1.91,1.6,2.9,Pink,1,0,0.0111,
447,ARTR,ARTR,Control,3,8,3,13.3,5,L,16-Oct-18,3,1,1,17,0,1,0,0,14.9,1,0,0,8.3,,,1,0,2.72,1.5,2.4,Pink,1,0,0.0178,
448,ARTR,HECO,Feedback,3,8,3,13.3,5,L,18-Oct-18,1,1,2,27,6,0,4,3,13.2,1,0,0,6,,,1,0,0.06,0.06,13.7,Pink,1,0,0.0201,
449,ARTR,HECO,Exclusion,3,8,3,13.3,5,L,18-Oct-18,1,0,0,26,0,0,2,1,12.3,1,0,0,9.2,,,1,0,0.09,0.09,20.7,Pink,1,0,0.0275,
450,ARTR,HECO,Control,3,8,3,13.3,5,L,18-Oct-18,1,0,1,29,0,0,2,1,15.1,1,0,0,13.3,,,1,0,0.06,0.06,9.3,Pink,1,0,0.0159,
451,ARTR,PSSP,Feedback,3,8,3,13.3,5,L,18-Oct-18,1,1,2,17,0,1,1,1,13.3,1,0,0,9.4,,,1,0,0.06,0.06,31.4,Pink,1,0,0.0784,
452,ARTR,PSSP,Exclusion,3,8,3,13.3,5,L,18-Oct-18,1,1,1,21,4,1,2,2,13.9,1,0,0,10.3,,,1,0,0.46,0.15,32.3,Pink,1,0,0.235,
453,ARTR,PSSP,Control,3,8,3,13.3,5,L,18-Oct-18,1,1,5,15,2,1,6,6,16.3,1,0,0,9.4,,,1,0,0.07,0.07,19.6,Pink,1,0,0.0281,
454,ARTR,POSE,Feedback,3,8,3,13.3,5,L,17-Oct-18,1,1,3,19,5,1,4,4,18.2,1,0,0,10,,1,1,0,0.5,0.16,7.7,Pink,1,0,0.0582,
455,ARTR,POSE,Exclusion,3,8,3,13.3,5,L,17-Oct-18,1,1,5,18,4,1,5,5,13.2,1,0,0,6.4,,1,1,0,1.02,0.41,7.1,Pink,1,0,0.111,
456,ARTR,POSE,Control,3,8,3,13.3,5,L,17-Oct-18,1,1,3,16,0,1,3,3,15.8,1,0,0,5.6,,,1,0,0.32,0.15,3.4,Pink,1,0,0.0191,
457,PSSP,ARTR,Feedback,3,8,3,13.9,0.5,L,16-Oct-18,0,0,1,22,8,0,1,0,16.6,1,0,0,6.8,,,1,0,1.84,1.61,1.6,Pink,1,0,0.0096,
458,PSSP,ARTR,Exclusion,3,8,3,13.9,0.5,L,16-Oct-18,1,0,0,21,9,0,0,0,14.3,0,0,0,8.8,,,0,0,,,,,0,0,,181101 +2 transplant
459,PSSP,ARTR,Control,3,8,3,13.9,0.5,L,16-Oct-18,1,0,0,24,7,0,0,0,11.3,0,0,0,7.9,,,0,0,,,,,0,0,,181101 +1 transplant
460,PSSP,HECO,Feedback,3,8,3,13.9,0.5,L,18-Oct-18,1,0,3,18,3,0,5,4,9.7,1,0,0,6.1,,,1,0,0.07,0.07,13.6,Pink,1,0,0.0205,
461,PSSP,HECO,Exclusion,3,8,3,13.9,0.5,L,18-Oct-18,1,0,5,18,4,0,6,5,12,1,0,0,5.4,,,1,0,0.13,0.13,14.8,Pink,1,0,0.0343,
462,PSSP,HECO,Control,3,8,3,13.9,0.5,L,18-Oct-18,1,0,1,16,4,0,1,0,13.9,1,0,0,7.4,,,1,0,0.08,0.08,8,Pink,1,0,0.0172,
463,PSSP,PSSP,Feedback,3,8,3,13.9,0.5,L,18-Oct-18,1,1,3,16,6,1,3,3,11.8,1,0,0,5.7,,,1,0,0.24,0.1,18,Pink,0,1,0.0889,
464,PSSP,PSSP,Exclusion,3,8,3,13.9,0.5,L,18-Oct-18,0,0,5,17,6,0,5,4,9.7,1,0,0,5.8,,,1,0,0.4,0.18,18.1,Pink,1,0,0.0826,190508 leave 1 germ for focal
465,PSSP,PSSP,Control,3,8,3,13.9,0.5,L,18-Oct-18,0,0,2,19,9,0,3,2,14.9,1,0,0,6.9,,,1,0,0.06,0.06,7.9,Pink,1,0,0.0083,181101 replace grasshopper damage; 190508 leave 1 germ for focal
466,PSSP,POSE,Feedback,3,8,3,13.9,0.5,L,17-Oct-18,1,1,0,16,5,1,3,3,11.4,1,0,0,6.5,,1,1,0,0.63,0.38,8.3,Pink,1,0,0.063,
467,PSSP,POSE,Exclusion,3,8,3,13.9,0.5,L,17-Oct-18,1,1,5,19,8,1,6,6,13,1,0,0,6.6,,,1,0,1.1,0.72,7.8,Pink,1,0,0.207,
468,PSSP,POSE,Control,3,8,3,13.9,0.5,L,17-Oct-18,1,1,6,16,4,1,8,8,13.3,1,0,0,5.8,,,1,0,0.72,0.15,4.6,Pink,1,0,0.0436,
469,HECO,ARTR,Feedback,3,8,3,17,6,L,16-Oct-18,3,1,1,12,8,1,1,1,14.5,1,0,0,8.6,,,1,0,2,1.89,2.6,Pink,1,0,0.0515,
470,HECO,ARTR,Exclusion,3,8,3,17,6,L,16-Oct-18,3,2,0,11,7,1,0,0,14.7,1,0,0,9.8,,,1,0,1.91,1.18,2.7,Pink,1,0,0.0401,190508 pull 1 focal
471,HECO,ARTR,Control,3,8,3,17,6,L,16-Oct-18,3,0,0,10,7,0,0,0,14.8,0,0,0,12.3,,,0,0,,,,,0,0,,
472,HECO,HECO,Feedback,3,8,3,17,6,L,18-Oct-18,1,0,4,10,5,0,4,3,11.1,1,0,0,12.6,,,1,0,0.07,0.07,8.7,Pink,1,0,0.0131,
473,HECO,HECO,Exclusion,3,8,3,17,6,L,18-Oct-18,1,0,3,8,2,0,3,2,17,1,0,0,12.1,,,1,0,0.18,0.18,13.5,Pink,1,0,0.0891,
474,HECO,HECO,Control,3,8,3,17,6,L,18-Oct-18,1,0,4,12,3,0,4,3,12.5,1,0,0,13.9,,,1,0,0.07,0.07,12.6,Pink,1,0,0.026,
475,HECO,PSSP,Feedback,3,8,3,17,6,L,18-Oct-18,1,1,5,16,6,1,6,6,13.8,1,0,0,8.5,,,1,0,0.05,0.12,18.6,Pink,1,0,0.0733,
476,HECO,PSSP,Exclusion,3,8,3,17,6,L,18-Oct-18,1,1,4,17,8,1,4,4,18,1,0,0,8.9,,,1,0,0.72,0.42,30.8,Pink,1,0,0.3815,190508 it looks like 2 focals close together
477,HECO,PSSP,Control,3,8,3,17,6,L,18-Oct-18,1,1,3,16,9,1,3,3,17.4,1,0,0,12,,,1,0,0.14,0.14,24.2,Pink,1,0,0.0687,
478,HECO,POSE,Feedback,3,8,3,17,6,L,17-Oct-18,0,1,3,7,4,1,3,3,14,1,1,1,10.6,,1,1,0,0.65,0.13,7.4,Pink,1,0,0.0633,"181101 replace grasshopper damage, 190621 Extra plant harvested"
479,HECO,POSE,Exclusion,3,8,3,17,6,L,17-Oct-18,1,1,7,10,4,1,5,5,15.4,1,1,1,13.3,,1,1,0,1.41,1.87,5.8,Pink,1,0,0.254,
480,HECO,POSE,Control,3,8,3,17,6,L,17-Oct-18,1,1,5,8,5,1,7,7,17.4,1,0,0,11.6,,1,1,0,0.68,0.36,5.3,Pink,1,0,0.0667,
481,HECO,ARTR,Feedback,3,9,3,19,2,L,16-Oct-18,3,1,1,9,4,1,1,1,11.3,1,0,0,9.5,,,1,0,1.8,1.3,4.1,Pink,1,0,0.0378,
482,HECO,ARTR,Exclusion,3,9,3,19,2,L,16-Oct-18,3,1,1,8,4,1,1,1,10.9,1,0,0,9.3,,,1,0,0.3,0.3,0.6,Pink,1,0,0.0039,190620 Pulled pretty big POSE
483,HECO,ARTR,Control,3,9,3,19,2,L,16-Oct-18,3,2,0,8,3,1,0,0,14.7,1,0,0,9.4,,,1,0,1.54,1.26,2.8,Pink,1,0,0.0207,"190509 pull 1 focal, 19---- Extra Plant"
484,HECO,HECO,Feedback,3,9,3,19,2,L,18-Oct-18,1,0,2,11,3,0,3,2,14.9,1,0,0,8.3,,,1,0,0.1,0.1,15.9,Pink,1,0,0.0419,
485,HECO,HECO,Exclusion,3,9,3,19,2,L,18-Oct-18,1,0,3,14,5,0,3,2,12.3,1,0,0,9.3,,,1,0,0.1,0.1,16.8,Pink,1,0,0.0454,
486,HECO,HECO,Control,3,9,3,19,2,L,18-Oct-18,1,0,4,12,3,0,4,3,16.1,0,0,0,8.4,,,0,0,,,,,0,0,,
487,HECO,PSSP,Feedback,3,9,3,19,2,L,18-Oct-18,1,1,5,12,4,1,5,5,16.4,1,0,0,8,,,1,0,0.29,0.14,14.6,Pink,1,0,0.092,
488,HECO,PSSP,Exclusion,3,9,3,19,2,L,18-Oct-18,1,1,6,17,8,1,5,5,13.3,1,1,1,7.2,,,1,0,0.72,0.13,28.5,Pink,1,0,0.3225,
489,HECO,PSSP,Control,3,9,3,19,2,L,18-Oct-18,1,1,7,14,5,1,5,5,14.8,1,1,1,11,,,1,0,0.16,0.16,21.9,Pink,1,0,0.0689,
490,HECO,POSE,Feedback,3,9,3,19,2,L,17-Oct-18,1,1,2,13,7,1,4,4,14.8,1,0,0,9.7,,1,1,0,0.76,0.41,4,Pink,1,0,0.0774,
491,HECO,POSE,Exclusion,3,9,3,19,2,L,17-Oct-18,1,1,4,13,7,1,5,5,14.3,1,1,1,12.4,,,1,0,1.39,1.13,8.2,Pink,1,0,0.4221,
492,HECO,POSE,Control,3,9,3,19,2,L,17-Oct-18,1,1,6,13,7,1,5,5,14.8,1,2,2,7.6,,,1,0,0.68,0.55,4.4,Pink,1,0,0.0718,
493,HECO,ARTR,Feedback,3,10,3,20,5,L,16-Oct-18,3,1,3,20,5,1,3,3,15,1,0,0,10.5,,,1,0,1.88,1.09,3.2,Pink,1,0,0.0309,
494,HECO,ARTR,Exclusion,3,10,3,20,5,L,16-Oct-18,3,1,0,19,5,1,0,0,11.3,1,0,0,11.3,,,1,0,1.51,0.78,1.9,Pink,1,0,0.0167,
495,HECO,ARTR,Control,3,10,3,20,5,L,16-Oct-18,3,3,0,14,4,1,0,0,14.8,1,0,0,10,,1,1,0,3.57,2.21,3.5,Pink,1,0,0.0684,190509 pull 2 focal
496,HECO,HECO,Feedback,3,10,3,20,5,L,18-Oct-18,1,0,4,11,3,0,3,2,16.2,1,0,0,11.5,,,1,0,0.18,0.18,14,Pink,1,0,0.037,
497,HECO,HECO,Exclusion,3,10,3,20,5,L,18-Oct-18,1,0,1,11,5,0,1,0,13.4,1,0,0,12,,,1,0,0.35,0.12,17.8,Pink,1,0,0.1225,
498,HECO,HECO,Control,3,10,3,20,5,L,18-Oct-18,1,1,4,8,3,1,5,4,14,1,0,0,9.9,,,1,0,0.05,0.05,11.4,Pink,1,0,0.019,
499,HECO,PSSP,Feedback,3,10,3,20,5,L,18-Oct-18,1,1,7,11,4,1,8,8,15.8,1,0,0,11.5,,,1,0,0.23,0.18,23.2,Pink,1,0,0.1326,
500,HECO,PSSP,Exclusion,3,10,3,20,5,L,18-Oct-18,1,1,8,12,5,1,10,10,15.1,1,0,0,9.4,,,1,0,1.02,0.54,24,Pink,1,0,0.4639,
501,HECO,PSSP,Control,3,10,3,20,5,L,18-Oct-18,1,1,8,10,3,1,8,8,16,1,0,0,8.1,,,1,0,0.11,0.11,20.4,Pink,1,0,0.0744,
502,HECO,POSE,Feedback,3,10,3,20,5,L,17-Oct-18,1,1,2,15,6,1,4,4,13.3,1,0,0,10.1,,,1,0,0.6,0.22,5.4,Pink,1,0,0.0431,
503,HECO,POSE,Exclusion,3,10,3,20,5,L,17-Oct-18,1,1,5,18,5,1,5,5,14.3,1,0,0,8,,,1,0,0.94,0.65,6,Pink,1,0,0.3199,
504,HECO,POSE,Control,3,10,3,20,5,L,17-Oct-18,1,1,5,14,3,1,6,6,14.6,1,0,0,13,,,1,0,0.99,0.48,4.8,Pink,1,0,0.1809,
505,ARTR,ARTR,Feedback,3,9,3,22,3,R,16-Oct-18,0,0,2,37,0,0,1,0,7.6,0,0,0,6.6,,,0,0,,,,,0,0,,
506,ARTR,ARTR,Exclusion,3,9,3,22,3,R,16-Oct-18,3,0,1,39,0,0,2,1,9.1,1,0,0,4.2,,,1,0,0.66,0.5,1,Pink,1,0,0.0025,
507,ARTR,ARTR,Control,3,9,3,22,3,R,16-Oct-18,3,2,2,39,0,1,1,1,10.9,1,0,0,11.5,,,1,0,1.05,0.97,1.2,Pink,1,0,0.0104,190509 pull 1 focal
508,ARTR,HECO,Feedback,3,9,3,22,3,R,18-Oct-18,1,0,0,37,0,0,1,0,10.1,1,0,0,9.9,,,1,0,0.11,0.11,4.8,Pink,1,0,0.005,
509,ARTR,HECO,Exclusion,3,9,3,22,3,R,18-Oct-18,1,0,1,32,0,0,1,0,8.4,1,0,0,7.7,,,1,0,0.18,0.18,14.2,Pink,1,0,0.0349,
510,ARTR,HECO,Control,3,9,3,22,3,R,18-Oct-18,1,0,0,30,0,0,1,0,11,1,0,0,6.8,,,1,0,0.08,0.08,8.1,Pink,1,0,0.014,
511,ARTR,PSSP,Feedback,3,9,3,22,3,R,18-Oct-18,0,0,4,36,0,0,5,4,4,1,0,0,4.7,,,1,0,0.06,0.06,11.5,Pink,1,0,0.0122,181101 dying no replace
512,ARTR,PSSP,Exclusion,3,9,3,22,3,R,18-Oct-18,1,1,5,26,0,1,4,4,7.6,1,0,0,5.9,,,1,0,0.18,0.13,27.2,Pink,1,0,0.1068,
513,ARTR,PSSP,Control,3,9,3,22,3,R,18-Oct-18,1,1,5,26,0,1,5,5,6.2,1,0,0,6.4,,,1,0,0.08,0.08,19.3,Pink,1,0,0.0596,
514,ARTR,POSE,Feedback,3,9,3,22,3,R,17-Oct-18,0,0,4,36,0,0,6,5,5.9,1,0,0,10.3,,1,1,0,0.11,0.11,4.8,Pink,1,0,0.0155,
515,ARTR,POSE,Exclusion,3,9,3,22,3,R,17-Oct-18,0,1,6,38,0,1,6,6,7,1,0,0,10.6,,1,1,0,0.62,0.38,5,Pink,0,0,0.0962,
516,ARTR,POSE,Control,3,9,3,22,3,R,17-Oct-18,1,1,3,34,0,1,2,2,9.9,1,1,1,7.4,,,1,0,0.55,0.23,3.8,Pink,1,0,0.033,
517,BARE,ARTR,Feedback,3,9,3,22,5,R,16-Oct-18,3,2,1,,,1,1,1,8,1,0,0,7.6,,,1,0,1.27,1.12,2.2,Pink,1,0,0.0258,190509 pull 2 focal
518,BARE,ARTR,Exclusion,3,9,3,22,5,R,16-Oct-18,3,3,0,,,1,0,0,8.2,1,0,0,5.3,,,1,0,1.84,1.3,3.2,Pink,1,0,0.0564,"190509 pull 2 focal, 190701 extra focal plant"
519,BARE,ARTR,Control,3,9,3,22,5,R,16-Oct-18,2,1,0,,,1,1,1,8.7,1,0,0,8,,,1,0,1.27,1.1,2.3,Pink,1,0,0.0238,
520,BARE,HECO,Feedback,3,9,3,22,5,R,18-Oct-18,1,0,0,,,0,0,0,10.2,0,0,0,9.8,,,0,0,,,,,0,0,,
521,BARE,HECO,Exclusion,3,9,3,22,5,R,18-Oct-18,1,0,1,,,0,1,0,8.5,1,0,0,7.8,,,1,0,0.1,0.11,7.6,Pink,1,0,0.028,
522,BARE,HECO,Control,3,9,3,22,5,R,18-Oct-18,1,0,1,,,0,1,0,9.9,1,0,0,7,,,1,0,0.1,0.1,4.4,Pink,1,0,0.0131,
523,BARE,PSSP,Feedback,3,9,3,22,5,R,18-Oct-18,1,1,3,,,1,3,3,9,1,0,0,6.8,,,1,0,0.15,0.09,12.1,Pink,1,0,0.0371,
524,BARE,PSSP,Exclusion,3,9,3,22,5,R,18-Oct-18,1,1,3,,,1,3,3,8.4,1,0,0,6.5,,,1,0,0.35,0.11,17.3,Pink,1,0,0.1512,
525,BARE,PSSP,Control,3,9,3,22,5,R,18-Oct-18,1,1,4,,,1,5,5,11,1,0,0,7.7,,,1,0,0.35,0.21,14.3,Pink,1,0,0.0819,
526,BARE,POSE,Feedback,3,9,3,22,5,R,17-Oct-18,1,1,2,,,1,4,4,8.7,1,0,0,6.8,,,1,0,0.61,0.34,3,Pink,1,0,0.0251,190620 Almost dead
527,BARE,POSE,Exclusion,3,9,3,22,5,R,17-Oct-18,1,1,2,,,1,1,1,11.7,1,0,0,5.5,,,1,0,0.76,0.36,3.8,Pink,1,0,0.057,
528,BARE,POSE,Control,3,9,3,22,5,R,17-Oct-18,1,1,2,,,1,2,2,8.3,1,0,0,8.2,,,1,0,0.45,0.35,2.3,Pink,1,0,0.0441,
529,PSSP,ARTR,Feedback,3,9,3,22.3,1.5,R,16-Oct-18,3,0,1,14,6,0,0,0,14.1,0,0,0,10.9,,,0,0,,,,,0,0,,
530,PSSP,ARTR,Exclusion,3,9,3,22.3,1.5,R,16-Oct-18,2,1,1,15,6,0,1,0,9.6,1,0,0,9.5,,,1,0,0.33,0.33,0.3,Pink,1,0,0.0014,190620 Not sure if focal or a germinant
531,PSSP,ARTR,Control,3,9,3,22.3,1.5,R,16-Oct-18,3,2,1,17,7,1,2,2,14,1,0,0,10.7,,,1,0,1.73,1.63,1.6,Pink,1,0,0.0183,190509 pull 1 focal
532,PSSP,HECO,Feedback,3,9,3,22.3,1.5,R,18-Oct-18,1,0,2,16,7,0,3,2,12.7,1,0,0,7.6,,,1,0,0.12,0.12,8.5,Pink,1,0,0.0487,
533,PSSP,HECO,Exclusion,3,9,3,22.3,1.5,R,18-Oct-18,1,0,2,14,6,0,2,1,12.7,1,0,0,5.5,,,1,0,0.3,0.17,9.8,Pink,1,0,0.0772,
534,PSSP,HECO,Control,3,9,3,22.3,1.5,R,18-Oct-18,1,0,0,15,8,0,0,0,15.1,0,0,0,7.1,,,0,0,,,,,0,0,,
535,PSSP,PSSP,Feedback,3,9,3,22.3,1.5,R,18-Oct-18,1,1,5,16,5,1,6,6,12.3,1,0,0,9.3,,,1,0,0.19,0.14,21.3,Pink,1,0,0.1164,
536,PSSP,PSSP,Exclusion,3,9,3,22.3,1.5,R,18-Oct-18,1,1,7,19,10,1,8,8,14,1,1,1,8.2,,,1,0,0.66,0.44,25.7,Pink,1,0,0.39,
537,PSSP,PSSP,Control,3,9,3,22.3,1.5,R,18-Oct-18,1,1,2,19,11,1,2,2,14.2,1,0,0,7.6,,,1,0,0.24,0.12,18.9,Pink,1,0,0.0671,
538,PSSP,POSE,Feedback,3,9,3,22.3,1.5,R,17-Oct-18,1,1,3,19,5,1,2,2,15.4,1,0,0,8.3,,1,1,0,0.7,0.61,3.1,Pink,1,0,0.0663,
539,PSSP,POSE,Exclusion,3,9,3,22.3,1.5,R,17-Oct-18,0,1,5,19,6,1,4,4,17.7,1,1,1,10.9,,1,1,0,0.89,0.56,6.9,Pink,1,0,0.1054,
540,PSSP,POSE,Control,3,9,3,22.3,1.5,R,17-Oct-18,0,1,5,18,5,1,4,4,15.3,1,0,0,9.4,,,1,0,0.53,0.35,5.5,Pink,1,0,0.0366,
541,POSE,ARTR,Feedback,3,9,3,24,0.5,L,16-Oct-18,3,3,4,8,4,1,3,3,11.1,1,0,0,8.8,,,1,0,1.79,1.04,2.2,Pink,1,0,0.047,190509 pull 2 focal
542,POSE,ARTR,Exclusion,3,9,3,24,0.5,L,16-Oct-18,3,2,1,8,5,1,1,1,10.6,1,0,0,4.9,,,1,0,2.69,1.89,3.6,Pink,1,0,0.0944,190509 pull 1 focal
543,POSE,ARTR,Control,3,9,3,24,0.5,L,16-Oct-18,3,2,0,13,10,1,0,0,13.1,1,0,0,4.7,,,1,0,1.7,1.46,2.5,Pink,1,0,0.0503,190509 pull 1 focal
544,POSE,HECO,Feedback,3,9,3,24,0.5,L,18-Oct-18,1,1,NA,13,5,0,,,13.8,1,0,0,9.9,,,0,0,,,,,0,0,,No seed sticks
545,POSE,HECO,Exclusion,3,9,3,24,0.5,L,18-Oct-18,1,0,NA,13,3,0,,,11.9,0,0,0,5.9,,,0,0,,,,,0,0,,No seed sticks
546,POSE,HECO,Control,3,9,3,24,0.5,L,18-Oct-18,1,1,NA,12,3,0,,,12,1,0,0,5.3,,,0,0,,,,,0,0,,No seed sticks
547,POSE,PSSP,Feedback,3,9,3,24.5,1,L,18-Oct-18,1,1,8,13,5,1,8,8,13.2,1,0,0,10.1,,,1,0,0.1,0.1,13.2,Pink,1,0,0.0631,
548,POSE,PSSP,Exclusion,3,9,3,24.5,1,L,18-Oct-18,1,1,5,12,7,1,5,5,12.8,1,0,0,8.4,,,1,0,0.58,0.32,21.8,Pink,1,0,0.3254,
549,POSE,PSSP,Control,3,9,3,24.5,1,L,18-Oct-18,1,1,2,17,10,1,3,3,13,1,0,0,6,,,1,0,0.1,0.1,22.1,Pink,1,0,0.0565,
550,POSE,POSE,Feedback,3,9,3,24.5,1,L,17-Oct-18,1,1,3,11,5,1,3,3,9.7,1,0,0,5.9,,,1,0,0.17,0.17,6.3,Pink,1,0,0.02,
551,POSE,POSE,Exclusion,3,9,3,24.5,1,L,17-Oct-18,0,1,5,14,9,1,6,6,10.5,1,0,0,3.4,,1,1,0,0.66,0.2,4.5,Pink,1,0,0.0366,
552,POSE,POSE,Control,3,9,3,24.5,1,L,17-Oct-18,0,1,1,13,10,1,2,2,12.8,1,0,0,7.2,,,1,0,0.07,0.07,5.6,Pink,0,0,0.0089,190620 pretty close to dead
553,BARE,ARTR,Feedback,3,10,3,27,2,R,16-Oct-18,0,3,1,,,1,1,1,12.6,1,0,0,8.4,,,1,0,2.32,1.82,4.6,Pink,1,0,0.1139,190509 pull 2 focal
554,BARE,ARTR,Exclusion,3,10,3,27,2,R,16-Oct-18,3,3,0,,,1,0,0,11.9,1,0,0,6.4,,,1,0,2.2,1.3,2.7,Pink,1,0,0.0471,190509 pull 2 focal
555,BARE,ARTR,Control,3,10,3,27,2,R,16-Oct-18,3,1,0,,,1,0,0,13.8,1,0,0,5.7,,,1,0,0.83,0.59,1.1,Pink,1,0,0.015,
556,BARE,HECO,Feedback,3,10,3,27,2,R,18-Oct-18,3,0,2,,,0,3,2,13.2,1,0,0,9.4,,,1,0,0.43,0.26,5.9,Pink,1,0,0.0608,tiller missing
557,BARE,HECO,Exclusion,3,10,3,27,2,R,18-Oct-18,1,0,1,,,0,1,0,14.1,1,0,0,9.7,,,1,0,0.58,0.39,8,Pink,1,0,0.1205,
558,BARE,HECO,Control,3,10,3,27,2,R,18-Oct-18,1,0,0,,,0,0,0,14.7,0,0,0,9,,,0,0,,,,,0,0,,
559,BARE,PSSP,Feedback,3,10,3,27,2,R,18-Oct-18,1,1,4,,,1,5,5,15.1,1,0,0,9.8,,,1,0,0.22,0.07,22.4,Pink,1,0,0.1183,
560,BARE,PSSP,Exclusion,3,10,3,27,2,R,18-Oct-18,1,1,2,,,1,4,4,7.6,1,0,0,8.4,,,1,0,0.68,0.39,21.1,Pink,1,0,0.2145,
561,BARE,PSSP,Control,3,10,3,27,2,R,18-Oct-18,1,1,3,,,1,3,3,14.5,1,0,0,5.1,,,1,0,0.65,0.09,19.9,Pink,1,0,0.1148,
562,BARE,POSE,Feedback,3,10,3,27,2,R,17-Oct-18,1,1,2,,,1,5,5,14.3,1,0,0,9.3,,,1,0,1.2,0.44,4,Pink,1,0,0.1031,
563,BARE,POSE,Exclusion,3,10,3,27,2,R,17-Oct-18,1,1,2,,,1,3,3,15.4,1,0,0,15.5,,,1,0,0.89,0.48,4.7,Pink,1,0,0.1753,
564,BARE,POSE,Control,3,10,3,27,2,R,17-Oct-18,1,1,4,,,1,4,4,12,1,0,0,8.4,,,1,0,0.84,0.38,3.8,Pink,1,0,0.1118,
565,PSSP,ARTR,Feedback,3,10,3,30,1,L,16-Oct-18,3,1,0,14,5,1,0,0,16.1,1,0,0,11.6,,,1,0,3.41,1.71,3.3,Pink,1,0,0.0627,
566,PSSP,ARTR,Exclusion,3,10,3,30,1,L,16-Oct-18,3,2,0,14,4,1,0,0,14.6,1,0,0,11.5,,,1,0,6.08,4.07,8.1,Pink,1,0,0.2796,190509 pull 1 focal
567,PSSP,ARTR,Control,3,10,3,30,1,L,16-Oct-18,3,2,0,16,8,1,0,0,14.3,1,0,0,7.7,,,1,0,3.07,1.77,4.7,Pink,1,0,0.0797,190509 pull 1 focal
568,PSSP,HECO,Feedback,3,10,3,30,1,L,18-Oct-18,1,0,1,13,6,0,3,2,11.1,1,0,0,7.3,,,1,0,0.25,0.11,13.2,Pink,1,0,0.0885,
569,PSSP,HECO,Exclusion,3,10,3,30,1,L,18-Oct-18,1,0,2,9,2,0,2,1,15,1,0,0,12.6,,,1,0,0.33,0.31,15.9,Pink,1,0,0.1872,
570,PSSP,HECO,Control,3,10,3,30,1,L,18-Oct-18,1,0,1,11,4,0,2,1,15.8,1,0,0,10.4,,,1,0,0.07,0.07,8.7,Pink,1,0,0.0151,
571,PSSP,PSSP,Feedback,3,10,3,30,1,L,18-Oct-18,1,1,2,13,6,0,3,3,14.7,1,0,0,13.8,,,1,0,0.33,0.15,8.4,Pink,1,0,0.061,190620 1 germ
572,PSSP,PSSP,Exclusion,3,10,3,30,1,L,18-Oct-18,1,1,3,16,5,1,3,3,16.1,1,1,1,11.1,,,1,0,1.03,0.37,23.8,Pink,1,0,0.3805,
573,PSSP,PSSP,Control,3,10,3,30,1,L,18-Oct-18,1,1,2,17,5,1,4,4,15.5,1,0,0,12.4,,,1,0,0.08,0.08,22.4,Pink,1,0,0.0576,
574,PSSP,POSE,Feedback,3,10,3,30,1,L,17-Oct-18,1,1,6,15,3,1,6,6,15,1,0,0,10.1,,1,1,0,0.74,0.3,12.8,Pink,1,0,0.1891,
575,PSSP,POSE,Exclusion,3,10,3,30,1,L,17-Oct-18,1,1,6,11,4,1,6,6,12,1,0,0,12.2,,1,1,0,0.73,0.61,13.9,Pink,1,0,0.2995,
576,PSSP,POSE,Control,3,10,3,30,1,L,17-Oct-18,1,1,4,7,3,1,3,3,18.6,1,0,0,15.7,,,1,0,0.77,0.69,3.8,Pink,1,0,0.08,
577,ARTR,ARTR,Feedback,3,10,3,34,4,L,16-Oct-18,3,3,0,45,0,1,1,1,11.6,1,0,0,11,,,1,0,2.78,1.56,3.4,Pink,1,0,0.0323,190509 pull 1 focal
578,ARTR,ARTR,Exclusion,3,10,3,34,4,L,16-Oct-18,3,1,0,36,0,1,1,1,15.1,1,0,0,11.6,,,1,0,4.21,3.75,4.1,Pink,1,0,0.0666,
579,ARTR,ARTR,Control,3,10,3,34,4,L,16-Oct-18,3,1,0,34,0,1,0,0,9.2,0,0,0,14.5,,,0,0,,,,,0,0,,
580,ARTR,HECO,Feedback,3,10,3,34,4,L,18-Oct-18,1,0,0,36,0,0,1,0,11.4,1,0,0,12.9,,,1,0,0.08,0.08,11.6,Pink,1,0,0.0172,190620 2 additional germinants
581,ARTR,HECO,Exclusion,3,10,3,34,4,L,18-Oct-18,1,0,0,35,0,0,1,0,11,1,0,0,9.7,,,1,0,0.07,0.07,11.2,Pink,1,0,0.0248,
582,ARTR,HECO,Control,3,10,3,34,4,L,18-Oct-18,1,1,0,30,0,0,0,0,8.2,0,0,0,6.1,,,0,0,,,,,0,0,,
583,ARTR,PSSP,Feedback,3,10,3,34,4,L,18-Oct-18,1,1,0,40,0,1,1,1,10.2,1,1,1,7,,,1,0,0.16,0.16,24.6,Pink,1,0,0.0712,
584,ARTR,PSSP,Exclusion,3,10,3,34,4,L,18-Oct-18,1,1,2,31,0,1,2,2,8.2,1,1,1,9.8,,,1,0,0.32,0.1,31.1,Pink,1,0,0.1987,
585,ARTR,PSSP,Control,3,10,3,34,4,L,18-Oct-18,1,1,1,33,0,1,2,2,12.9,1,0,0,4.5,,,1,0,0.07,0.07,22.5,Pink,1,0,0.0362,
586,ARTR,POSE,Feedback,3,10,3,34,4,L,17-Oct-18,1,1,5,34,0,1,4,4,9.9,1,0,0,7,,1,1,0,0.55,0.27,5.4,Pink,1,0,0.0548,
587,ARTR,POSE,Exclusion,3,10,3,34,4,L,17-Oct-18,1,1,2,37,0,1,2,2,10.1,1,0,0,10,1,,1,1,1.08,0.45,8.3,Pink,1,1,0.2042,Reproductive stalk 24.4cm height
588,ARTR,POSE,Control,3,10,3,34,4,L,17-Oct-18,1,1,0,39,0,1,0,0,7.2,1,0,0,5.8,,1,1,0,0.92,0.27,9.6,Pink,1,0,0.0774,
589,POSE,ARTR,Feedback,3,10,3,34,0,,16-Oct-18,3,3,1,11,5,1,2,2,8.4,1,0,0,9.4,,,1,0,1.38,0.64,1.6,Pink,1,0,0.0296,190509 pull 2 focal
590,POSE,ARTR,Exclusion,3,10,3,34,0,,16-Oct-18,3,0,0,9,4,1,0,0,9.3,1,0,0,8.5,,,1,0,2.25,1.73,2.2,Pink,1,0,0.0727,
591,POSE,ARTR,Control,3,10,3,34,0,,16-Oct-18,3,3,1,8,1,1,1,1,6.3,1,0,0,9.2,,,1,0,1.28,1.13,1.9,Pink,1,0,0.0203,190509 pull 2 focal
592,POSE,HECO,Feedback,3,10,3,34,0,,18-Oct-18,1,0,4,8,4,0,3,2,8.2,1,0,0,11.7,,,1,0,0.18,0.18,7.7,Pink,1,0,0.0338,
593,POSE,HECO,Exclusion,3,10,3,34,0,,18-Oct-18,1,1,1,5,3,0,1,0,7.7,1,0,0,9.5,,,1,0,0.39,0.27,6.5,Pink,1,0,0.0679,
594,POSE,HECO,Control,3,10,3,34,0,,18-Oct-18,1,0,4,10,5,0,3,2,6.9,1,0,0,8.8,,,1,0,0.1,0.1,6,Pink,1,0,0.0164,
595,POSE,PSSP,Feedback,3,10,3,34,0,,18-Oct-18,1,1,4,9,5,1,4,4,9.9,1,0,0,9.4,,,1,0,0.1,0.1,15.7,Pink,1,0,0.0526,
596,POSE,PSSP,Exclusion,3,10,3,34,0,,18-Oct-18,1,1,3,6,4,1,3,3,11.4,1,0,0,9.9,,,1,0,0.4,0.17,13.4,Pink,1,0,0.0908,
597,POSE,PSSP,Control,3,10,3,34,0,,18-Oct-18,1,1,6,4,2,1,5,5,11.3,1,0,0,12.1,,,1,0,0.07,0.07,20.5,Pink,1,0,0.0895,
598,POSE,POSE,Feedback,3,10,3,34,0,,17-Oct-18,1,1,2,6,2,1,2,2,10.6,1,0,0,4.8,,,1,0,0.8,0.37,3.9,Pink,1,0,0.0593,
599,POSE,POSE,Exclusion,3,10,3,34,0,,17-Oct-18,1,1,3,5,3,1,4,4,8.6,1,0,0,12.1,1,,1,1,0.72,0.44,3.4,Pink,1,0,0.1177,Reproductive stalk 13.4cm height
600,POSE,POSE,Control,3,10,3,34,0,,17-Oct-18,1,1,2,10,6,1,2,2,11.4,1,0,0,8.1,,,1,0,0.53,0.21,3.4,Pink,0,0,0.0472,
