"","fieldID","DonorSpp","Transplant","Treatment","Transect","Rep","Position","Offset","Side","Transplant.date","Dist_centroid","Dist_edge","Abv.mass","Area","Surv","Germ","Repro","Height","Diam_donor"
"1",1,"PSSP","POSE","Feedback",1,1,3.2,2.5,"L","16-Oct-18",14,8,0.0714,0.220932503363702,1,6,0,7.7,6
"2",2,"PSSP","POSE","Exclusion",1,1,3.2,2.5,"L","16-Oct-18",16,6,0.1234,0.303870549418473,1,8,0,6,10
"3",3,"PSSP","POSE","Control",1,1,3.2,2.5,"L","16-Oct-18",16,6,0.005,0.10477211499722,1,4,0,3.5,10
"4",4,"BARE","ARTR","Feedback",1,1,4.7,1,"L","15-Oct-18",NA,NA,0.0013,0.0346360590058275,0,3,0,1.9,NA
"5",5,"BARE","ARTR","Exclusion",1,1,4.7,1,"L","15-Oct-18",NA,NA,0.0724,2.52112810450581,1,4,0,4.5,NA
"6",6,"BARE","ARTR","Control",1,1,4.7,1,"L","15-Oct-18",NA,NA,NA,NA,0,2,0,NA,NA
"7",7,"BARE","HECO","Feedback",1,1,4.7,1,"L","18-Oct-18",NA,NA,0.0366,0.0100530964914873,1,2,0,8.2,NA
"8",8,"BARE","HECO","Exclusion",1,1,4.7,1,"L","18-Oct-18",NA,NA,0.0499,0.019085175370558,1,3,0,10.9,NA
"9",9,"BARE","HECO","Control",1,1,4.7,1,"L","18-Oct-18",NA,NA,0.0113,0.000471238898038469,1,4,0,9.8,NA
"10",10,"BARE","PSSP","Feedback",1,1,4.7,1,"L","17-Oct-18",NA,NA,0.0654,0.076340701482232,1,7,0,17.7,NA
"11",11,"BARE","PSSP","Exclusion",1,1,4.7,1,"L","17-Oct-18",NA,NA,0.1115,0.239782059285241,1,9,0,17.8,NA
"12",12,"BARE","PSSP","Control",1,1,4.7,1,"L","17-Oct-18",NA,NA,0.0419,0.00934623814442964,1,7,0,17.6,NA
"13",13,"BARE","POSE","Feedback",1,1,4.7,1,"L","16-Oct-18",NA,NA,0.0815,1.03908177017482,1,5,0,3.3,NA
"14",14,"BARE","POSE","Exclusion",1,1,4.7,1,"L","16-Oct-18",NA,NA,0.1487,0.974522041143554,1,6,0,4.7,NA
"15",15,"BARE","POSE","Control",1,1,4.7,1,"L","16-Oct-18",NA,NA,0.0176,0.117888264325957,1,4,0,4.3,NA
"16",16,"PSSP","ARTR","Feedback",1,1,5.2,2,"R","15-Oct-18",15,8,NA,NA,0,3,0,NA,7
"17",17,"PSSP","ARTR","Exclusion",1,1,5.2,2,"R","15-Oct-18",16,8,0.1056,2.45044226980004,1,4,0,5.4,8
"18",18,"PSSP","ARTR","Control",1,1,5.2,2,"R","15-Oct-18",14,9,0.0142,0.394426957658199,1,2,0,2.5,5
"19",19,"PSSP","HECO","Feedback",1,1,5.2,2,"R","18-Oct-18",14,6,0.0085,0.00125663706143592,1,2,0,6.9,8
"20",20,"PSSP","HECO","Exclusion",1,1,5.2,2,"R","18-Oct-18",15,8,NA,NA,0,1,0,NA,7
"21",21,"PSSP","HECO","Control",1,1,5.2,2,"R","18-Oct-18",23,7,0.01,0.00125663706143592,1,4,0,6.2,16
"22",22,"PSSP","PSSP","Feedback",1,1,5.2,2,"R","17-Oct-18",25,10,0.0577,0.00565486677646163,1,7,0,17.9,15
"23",23,"PSSP","PSSP","Exclusion",1,1,5.2,2,"R","17-Oct-18",19,8,0.174,0.0560774288665778,1,5,0,16.8,11
"24",24,"PSSP","PSSP","Control",1,1,5.2,2,"R","17-Oct-18",18,8,0.0298,0.00164933614313464,1,5,0,14.8,10
"25",25,"ARTR","ARTR","Feedback",1,1,5.3,1.5,"R","15-Oct-18",27,2,NA,NA,0,0,0,NA,25
"26",26,"ARTR","ARTR","Exclusion",1,1,5.3,1.5,"R","15-Oct-18",28,0,0.0894,10.3378033257189,1,2,0,4.9,28
"27",27,"ARTR","ARTR","Control",1,1,5.3,1.5,"R","15-Oct-18",27,0,0.0056,0.0318086256175967,1,2,0,1.5,27
"28",28,"ARTR","HECO","Feedback",1,1,5.3,1.5,"R","18-Oct-18",30,10,0.0197,0.00502654824574367,1,4,0,11.9,20
"29",29,"ARTR","HECO","Exclusion",1,1,5.3,1.5,"R","18-Oct-18",37,6,0.0547,0.0238761041672824,1,5,0,14.2,31
"30",30,"ARTR","HECO","Control",1,1,5.3,1.5,"R","18-Oct-18",26,2,0.0068,7.85398163397448e-05,1,2,0,7,24
"31",31,"ARTR","PSSP","Feedback",1,1,5.3,1.5,"R","17-Oct-18",28,1,0.0655,0.0197920337176157,1,8,0,23.9,27
"32",32,"ARTR","PSSP","Exclusion",1,1,5.3,1.5,"R","17-Oct-18",28,0,0.1636,0.0254469004940773,1,9,0,29,28
"33",33,"ARTR","PSSP","Control",1,1,5.3,1.5,"R","17-Oct-18",28,0,0.0398,0.00235619449019234,1,6,0,16.5,28
"34",34,"ARTR","POSE","Feedback",1,1,5.3,1.5,"R","16-Oct-18",22,0,0.0411,0.232320776732965,1,6,0,4.6,22
"35",35,"ARTR","POSE","Exclusion",1,1,5.3,1.5,"R","16-Oct-18",19,0,0.2999,0.995256552657246,1,3,0,12.1,19
"36",36,"ARTR","POSE","Control",1,1,5.3,1.5,"R","16-Oct-18",28,0,0.0519,0.376991118430775,1,4,0,7.3,28
"37",37,"HECO","ARTR","Feedback",1,1,5.6,3,"L","15-Oct-18",17,7,0.0426,1.86225758523169,1,4,0,4.7,10
"38",38,"HECO","ARTR","Exclusion",1,1,5.6,3,"L","15-Oct-18",16,8,0.0762,8.18416302186677,1,3,0,3.9,8
"39",39,"HECO","ARTR","Control",1,1,5.6,3,"L","15-Oct-18",12,5,0.0222,1.91982727060872,1,0,0,3,7
"40",40,"HECO","HECO","Feedback",1,1,5.6,3,"L","18-Oct-18",14,8,0.0355,0.00785398163397448,1,3,0,14.4,6
"41",41,"HECO","HECO","Exclusion",1,1,5.6,3,"L","18-Oct-18",15,5,0.084,0.0383274303737955,1,3,0,17.1,10
"42",42,"HECO","HECO","Control",1,1,5.6,3,"L","18-Oct-18",18,9,0.0177,0.000471238898038469,1,5,0,13.7,9
"43",43,"HECO","PSSP","Feedback",1,1,5.7,1,"L","17-Oct-18",15,6,0.0747,0.00628318530717959,1,7,0,18.1,9
"44",44,"HECO","PSSP","Exclusion",1,1,5.7,1,"L","17-Oct-18",9,0,0.3269,0.0596902604182061,1,4,0,27.3,9
"45",45,"HECO","PSSP","Control",1,1,5.7,1,"L","17-Oct-18",13,6,0.0775,0.0176714586764426,1,7,0,18.6,7
"46",46,"HECO","POSE","Feedback",1,1,5.7,1,"L","16-Oct-18",19,7,0.0713,0.273161481229633,1,5,0,7.2,12
"47",47,"HECO","POSE","Exclusion",1,1,5.7,1,"L","16-Oct-18",21,7,0.178,0.880038642086841,1,7,0,7.7,14
"48",48,"HECO","POSE","Control",1,1,5.7,1,"L","16-Oct-18",23,9,0.1362,0.536584025233137,1,2,0,5.2,14
"49",49,"POSE","HECO","Feedback",1,1,6,4,"R","18-Oct-18",11,6,0.0292,0.0311017672705389,1,3,0,14.4,5
"50",50,"POSE","HECO","Exclusion",1,1,6,4,"R","18-Oct-18",11,7,NA,NA,0,0,0,NA,4
"51",51,"POSE","HECO","Control",1,1,6,4,"R","18-Oct-18",9,2,0.0165,0.00109955742875643,1,4,0,10.6,7
"52",52,"POSE","PSSP","Feedback",1,1,6,4,"R","17-Oct-18",12,7,0.0952,0.219126087587888,1,8,0,25.7,5
"53",53,"POSE","PSSP","Exclusion",1,1,6,4,"R","17-Oct-18",13,5,0.1556,0.0758694625841935,1,9,0,24.5,8
"54",54,"POSE","PSSP","Control",1,1,6,4,"R","17-Oct-18",9,3,0.0369,0.0527787565803085,1,8,0,21.2,6
"55",55,"POSE","ARTR","Feedback",1,1,6.1,1,"R","15-Oct-18",11,4,0.033,0.0200276531666349,1,3,0,3.7,7
"56",56,"POSE","ARTR","Exclusion",1,1,6.1,1,"R","15-Oct-18",12,3,0.0076,0.916009877970444,1,4,0,1.6,9
"57",57,"POSE","ARTR","Control",1,1,6.1,1,"R","15-Oct-18",12,7,0.0291,1.26983175058099,1,3,0,3.1,5
"58",58,"POSE","POSE","Feedback",1,1,6.2,4,"R","16-Oct-18",8,6,0.0763,1.00059726016835,1,4,0,3.9,2
"59",59,"POSE","POSE","Exclusion",1,1,6.2,4,"R","16-Oct-18",9,6,0.2186,1.00216805649514,1,4,0,5.4,3
"60",60,"POSE","POSE","Control",1,1,6.2,4,"R","16-Oct-18",10,8,0.0365,0.189909275909503,1,6,0,6.2,2
"61",61,"HECO","ARTR","Feedback",1,2,7.5,1.5,"L","15-Oct-18",7,3,0.0414,3.26654950138633,1,6,0,4.4,4
"62",62,"HECO","ARTR","Exclusion",1,2,7.5,1.5,"L","15-Oct-18",6,3,0.0937,4.05147642588574,1,8,0,5.2,3
"63",63,"HECO","ARTR","Control",1,2,7.5,1.5,"L","15-Oct-18",9,6,0.0244,1.05683176866761,1,4,0,3.8,3
"64",64,"HECO","HECO","Feedback",1,2,7.5,3,"L","18-Oct-18",18,4,0.0575,0.026782077371853,1,5,0,16.3,14
"65",65,"HECO","HECO","Exclusion",1,2,7.5,3,"L","18-Oct-18",21,7,0.078,0.026153758841135,1,4,0,14.7,14
"66",66,"HECO","HECO","Control",1,2,7.5,3,"L","18-Oct-18",16,4,0.0213,0.00282743338823081,1,2,0,17.3,12
"67",67,"HECO","PSSP","Feedback",1,2,7.5,3,"L","17-Oct-18",8,4,0.0741,0.0326725635973339,1,3,0,20.7,4
"68",68,"HECO","PSSP","Exclusion",1,2,7.5,3,"L","17-Oct-18",10,6,0.2029,0.890641517292706,1,2,0,9.3,4
"69",69,"HECO","PSSP","Control",1,2,7.5,3,"L","17-Oct-18",8,5,0.009,0.000706858347057703,1,4,0,10.9,3
"70",70,"HECO","POSE","Feedback",1,2,7.5,3,"L","16-Oct-18",14,7,0.0972,0.243866129734908,1,2,0,7.7,7
"71",71,"HECO","POSE","Exclusion",1,2,7.5,3,"L","16-Oct-18",16,5,0.2205,0.740237769002095,1,7,0,7.8,11
"72",72,"HECO","POSE","Control",1,2,7.5,3,"L","16-Oct-18",17,2,0.1089,0.388536471432718,1,6,0,8.5,15
"73",73,"BARE","PSSP","Feedback",1,2,8.6,3,"R","17-Oct-18",NA,NA,0.0363,0.0103672557568463,1,5,0,18.8,NA
"74",74,"BARE","PSSP","Exclusion",1,2,8.6,3,"R","17-Oct-18",NA,NA,0.1587,0.0673871624195011,1,2,0,17.7,NA
"75",75,"BARE","PSSP","Control",1,2,8.6,3,"R","17-Oct-18",NA,NA,0.03,0.00636172512351933,1,3,0,11.2,NA
"76",76,"BARE","POSE","Feedback",1,2,8.6,3,"R","16-Oct-18",NA,NA,0.0905,0.137130519329194,1,6,0,6.6,NA
"77",77,"BARE","POSE","Exclusion",1,2,8.6,3,"R","16-Oct-18",NA,NA,0.1941,0.889227800598591,1,5,0,3.9,NA
"78",78,"BARE","POSE","Control",1,2,8.6,3,"R","16-Oct-18",NA,NA,0.1425,0.547422519888021,1,3,0,4.7,NA
"79",79,"POSE","ARTR","Feedback",1,2,9.3,1.5,"L","15-Oct-18",9,4,NA,NA,0,5,0,NA,5
"80",80,"POSE","ARTR","Exclusion",1,2,9.3,1.5,"L","15-Oct-18",13,6,0.0038,0.172787595947439,1,1,0,1.9,7
"81",81,"POSE","ARTR","Control",1,2,9.3,1.5,"L","15-Oct-18",8,4,0.0159,2.95843780188551,1,3,0,2.2,4
"82",82,"PSSP","ARTR","Feedback",1,2,9.5,7,"L","15-Oct-18",14,5,0.0079,0.706072948894306,1,3,0,2.3,9
"83",83,"PSSP","ARTR","Exclusion",1,2,9.5,7,"L","15-Oct-18",12,6,0.0534,3.41561807279916,1,7,0,2.9,6
"84",84,"PSSP","ARTR","Control",1,2,9.5,7,"L","15-Oct-18",12,6,0.0234,2.83520883004845,1,1,0,3.3,6
"85",85,"PSSP","HECO","Feedback",1,2,9.5,7,"L","18-Oct-18",15,10,0.0111,0.000314159265358979,1,0,0,8,5
"86",86,"PSSP","HECO","Exclusion",1,2,9.5,7,"L","18-Oct-18",11,5,0.019,0.0015707963267949,1,1,0,9.8,6
"87",87,"PSSP","HECO","Control",1,2,9.5,7,"L","18-Oct-18",15,9,0.0336,0.000314159265358979,1,0,0,9.3,6
"88",88,"BARE","ARTR","Feedback",1,2,9.6,0,"","15-Oct-18",NA,NA,0.0329,1.13144459419036,1,1,0,3.7,NA
"89",89,"BARE","ARTR","Exclusion",1,2,9.6,0,"","15-Oct-18",NA,NA,0.017,0.576796411199086,1,4,0,1.9,NA
"90",90,"BARE","ARTR","Control",1,2,9.6,0,"","15-Oct-18",NA,NA,0.0033,0.0659734457253857,1,3,0,9.3,NA
"91",91,"BARE","HECO","Feedback",1,2,9.6,0,"","18-Oct-18",NA,NA,NA,NA,0,0,0,NA,NA
"92",92,"BARE","HECO","Exclusion",1,2,9.6,0,"","18-Oct-18",NA,NA,8e-04,0.00659734457253857,0,1,0,9.3,NA
"93",93,"BARE","HECO","Control",1,2,9.6,0,"","18-Oct-18",NA,NA,0.0191,0.00659734457253857,1,2,0,12,NA
"94",94,"PSSP","POSE","Feedback",1,2,10,3,"L","16-Oct-18",23,6,0.075,0.174358392274234,1,6,1,7,17
"95",95,"PSSP","POSE","Exclusion",1,2,10,3,"L","16-Oct-18",12,5,0.1018,0.10477211499722,1,6,0,9.7,7
"96",96,"PSSP","POSE","Control",1,2,10,3,"L","16-Oct-18",11,6,0.0333,0.0138230076757951,1,2,0,10.8,5
"97",97,"ARTR","ARTR","Feedback",1,2,11,3,"L","15-Oct-18",55,0,0.0101,1.3854423602331,1,2,0,3.4,55
"98",98,"ARTR","ARTR","Exclusion",1,2,11,3,"L","15-Oct-18",45,0,0.0196,7.27867747928585,1,2,0,5.5,45
"99",99,"ARTR","ARTR","Control",1,2,11,3,"L","15-Oct-18",57,0,NA,NA,0,1,0,NA,57
"100",100,"ARTR","HECO","Feedback",1,2,11,3,"L","18-Oct-18",42,0,0.0156,0.00125663706143592,1,0,0,14.4,42
"101",101,"ARTR","HECO","Exclusion",1,2,11,3,"L","18-Oct-18",45,0,0.0598,0.0255254403104171,1,2,0,17.3,45
"102",102,"ARTR","HECO","Control",1,2,11,3,"L","18-Oct-18",56,0,0.0102,0.00502654824574367,1,1,0,11.1,56
"103",103,"ARTR","PSSP","Feedback",1,2,11,3,"L","17-Oct-18",52,0,0.0512,0.00424115008234622,1,5,0,22.7,52
"104",104,"ARTR","PSSP","Exclusion",1,2,11,3,"L","17-Oct-18",55,0,0.1427,0.0622035345410779,1,2,0,29.1,55
"105",105,"ARTR","PSSP","Control",1,2,11,3,"L","17-Oct-18",53,0,0.032,0.00125663706143592,1,2,0,25.1,53
"106",106,"ARTR","POSE","Feedback",1,2,11,3,"L","16-Oct-18",41,0,0.0311,0.101159283445591,1,4,0,8.9,41
"107",107,"ARTR","POSE","Exclusion",1,2,11,3,"L","16-Oct-18",41,0,0.1203,0.474301950875719,1,6,0,9.1,41
"108",108,"ARTR","POSE","Control",1,2,11,3,"L","16-Oct-18",54,4,0.0258,0.188338479582708,1,3,0,7.3,50
"109",109,"POSE","HECO","Feedback",1,2,11,8,"L","18-Oct-18",18,9,0.0169,0.00565486677646163,1,1,0,12.5,9
"110",110,"POSE","HECO","Exclusion",1,2,11,8,"L","18-Oct-18",16,8,0.027,0.00785398163397448,1,4,0,17.9,8
"111",111,"POSE","HECO","Control",1,2,11,8,"L","18-Oct-18",18,7,NA,NA,0,NA,0,NA,11
"112",112,"POSE","PSSP","Feedback",1,2,11,8,"L","17-Oct-18",15,6,0.0302,0.00282743338823081,1,2,0,20.9,9
"113",113,"POSE","PSSP","Exclusion",1,2,11,8,"L","17-Oct-18",17,6,0.111,0.135716802635079,1,4,0,18.2,11
"114",114,"POSE","PSSP","Control",1,2,11,8,"L","17-Oct-18",20,10,0.0325,0.045238934211693,1,4,0,16,10
"115",115,"POSE","POSE","Feedback",1,2,11,8,"L","16-Oct-18",20,6,0.1158,0.388065232534679,1,4,1,7.3,14
"116",116,"POSE","POSE","Exclusion",1,2,11,8,"L","16-Oct-18",16,8,0.1513,0.468411464650238,1,5,0,5.7,8
"117",117,"POSE","POSE","Control",1,2,11,8,"L","16-Oct-18",9,6,0.053,0.0878075146678347,1,4,0,5.8,3
"118",118,"PSSP","PSSP","Feedback",1,2,14.7,0.5,"L","17-Oct-18",12,6,0.0307,0.0241902634326414,1,3,0,18.8,6
"119",119,"PSSP","PSSP","Exclusion",1,2,14.7,0.5,"L","17-Oct-18",12,6,0.1766,0.0602400391325843,1,0,0,21.3,6
"120",120,"PSSP","PSSP","Control",1,2,14.7,0.5,"L","17-Oct-18",14,5,0.0408,0.00942477796076938,1,1,0,15,9
"121",121,"POSE","ARTR","Feedback",1,3,20.6,1,"L","15-Oct-18",10,8,0.0448,1.86225758523169,1,3,0,3.8,2
"122",122,"POSE","ARTR","Exclusion",1,3,20.6,1,"L","15-Oct-18",9,7,0.0746,4.16575185866007,1,7,0,3.1,2
"123",123,"POSE","ARTR","Control",1,3,20.6,1,"L","15-Oct-18",9,7,0.043,1.45612819493887,1,2,0,2.6,2
"124",124,"POSE","HECO","Feedback",1,3,20.6,1,"L","18-Oct-18",9,7,0.0359,0.0243473430653209,1,1,0,9.1,2
"125",125,"POSE","HECO","Exclusion",1,3,20.6,1,"L","18-Oct-18",12,2,NA,NA,0,0,0,NA,10
"126",126,"POSE","HECO","Control",1,3,20.6,1,"L","18-Oct-18",17,6,0.0189,0.0215984494934298,1,1,0,6.7,11
"127",127,"POSE","PSSP","Feedback",1,3,20.6,1,"L","17-Oct-18",18,5,0.0631,0.0238761041672824,1,0,0,16.3,13
"128",128,"POSE","PSSP","Exclusion",1,3,20.6,1,"L","17-Oct-18",16,6,0.1757,0.0362853951489621,1,6,0,17.4,10
"129",129,"POSE","PSSP","Control",1,3,20.6,1,"L","17-Oct-18",13,6,0.1008,0.0431968989868597,1,5,0,15.4,7
"130",130,"POSE","POSE","Feedback",1,3,20.6,1,"L","16-Oct-18",13,11,0.0318,0.0923628240155399,1,2,0,3.4,2
"131",131,"POSE","POSE","Exclusion",1,3,20.6,1,"L","16-Oct-18",9,4,0.1592,0.457415890362674,1,5,0,7.1,5
"132",132,"POSE","POSE","Control",1,3,20.6,1,"L","16-Oct-18",13,8,0.0313,0.224309715466311,1,3,0,2.9,5
"133",133,"BARE","ARTR","Feedback",1,3,21.8,6,"L","15-Oct-18",NA,NA,NA,NA,0,0,0,NA,NA
"134",134,"BARE","ARTR","Exclusion",1,3,21.8,6,"L","15-Oct-18",NA,NA,NA,NA,0,3,0,NA,NA
"135",135,"BARE","ARTR","Control",1,3,21.8,6,"L","15-Oct-18",NA,NA,NA,NA,0,0,0,NA,NA
"136",136,"BARE","HECO","Feedback",1,3,21.8,6,"L","18-Oct-18",NA,NA,0.045,0.0477522083345649,1,3,0,11.4,NA
"137",137,"BARE","HECO","Exclusion",1,3,21.8,6,"L","18-Oct-18",NA,NA,0.0749,0.0387986692718339,1,2,0,13.5,NA
"138",138,"BARE","HECO","Control",1,3,21.8,6,"L","18-Oct-18",NA,NA,0.0198,0.0181426975744811,1,2,0,10.7,NA
"139",139,"BARE","PSSP","Feedback",1,3,21.8,6,"L","17-Oct-18",NA,NA,0.095,0.00950331777710912,1,5,0,23.6,NA
"140",140,"BARE","PSSP","Exclusion",1,3,21.8,6,"L","17-Oct-18",NA,NA,0.3466,0.204517681748696,1,2,0,25.4,NA
"141",141,"BARE","PSSP","Control",1,3,21.8,6,"L","17-Oct-18",NA,NA,0.0471,0.0169646003293849,1,2,0,16.4,NA
"142",142,"BARE","POSE","Feedback",1,3,21.8,6,"L","16-Oct-18",NA,NA,0.1407,0.134774324839002,1,3,0,4.7,NA
"143",143,"BARE","POSE","Exclusion",1,3,21.8,6,"L","16-Oct-18",NA,NA,0.2354,0.496293099450848,1,3,0,4.9,NA
"144",144,"BARE","POSE","Control",1,3,21.8,6,"L","16-Oct-18",NA,NA,0.0803,0.20923007072908,1,5,0,3.8,NA
"145",145,"PSSP","ARTR","Feedback",1,3,24,2,"R","15-Oct-18",16,8,0.0186,0.424115008234622,1,1,0,3.2,8
"146",146,"PSSP","ARTR","Exclusion",1,3,24,2,"R","15-Oct-18",16,9,0.1494,1.28153418321562,1,4,0,2.9,7
"147",147,"PSSP","ARTR","Control",1,3,24,2,"R","15-Oct-18",18,9,NA,5.61669642572051,0,2,0,4.7,9
"148",148,"PSSP","HECO","Feedback",1,3,24,2,"R","18-Oct-18",21,12,0.0282,0.00942477796076938,1,5,0,11.2,9
"149",149,"PSSP","HECO","Exclusion",1,3,24,2,"R","18-Oct-18",12,5,0.0118,0.0113097335529233,1,0,0,7.9,7
"150",150,"PSSP","HECO","Control",1,3,24,2,"R","18-Oct-18",18,7,0.0136,0.00549778714378214,1,3,0,16.2,11
"151",151,"ARTR","ARTR","Feedback",1,3,24.8,0.5,"L","15-Oct-18",32,0,0.012,2.01038367884845,1,8,0,2.5,32
"152",152,"ARTR","ARTR","Exclusion",1,3,24.8,0.5,"L","15-Oct-18",30,0,0.0882,18.3023690210998,1,9,0,3.8,30
"153",153,"ARTR","ARTR","Control",1,3,24.8,0.5,"L","15-Oct-18",21,0,NA,NA,0,7,0,NA,21
"154",154,"ARTR","HECO","Feedback",1,3,24.8,0.5,"L","18-Oct-18",20,1,0.0044,0.00314159265358979,1,1,0,5.1,19
"155",155,"ARTR","HECO","Exclusion",1,3,24.8,0.5,"L","18-Oct-18",21,0,0.0547,0.0653451271946677,1,2,0,16.2,21
"156",156,"ARTR","HECO","Control",1,3,24.8,0.5,"L","18-Oct-18",21,0,NA,NA,0,0,0,NA,21
"157",157,"ARTR","PSSP","Feedback",1,3,24.8,0.5,"L","17-Oct-18",22,0,0.0407,0.0175929188601028,1,2,0,6.7,22
"158",158,"ARTR","PSSP","Exclusion",1,3,24.8,0.5,"L","17-Oct-18",22,0,0.1317,0.0293738913110646,1,2,0,24.8,22
"159",159,"ARTR","PSSP","Control",1,3,24.8,0.5,"L","17-Oct-18",22,0,0.0325,0.00816814089933346,1,4,0,19.4,22
"160",160,"ARTR","POSE","Feedback",1,3,24.8,0.5,"L","16-Oct-18",18,0,0.0945,0.418224522009141,1,2,0,7.2,18
"161",161,"ARTR","POSE","Exclusion",1,3,24.8,0.5,"L","16-Oct-18",22,2,0.1801,0.463699075669853,1,4,0,8.5,20
"162",162,"ARTR","POSE","Control",1,3,24.8,0.5,"L","16-Oct-18",25,3,0.0099,0.0530929158456675,1,4,0,6.9,22
"163",163,"PSSP","PSSP","Feedback",1,3,25,2,"R","17-Oct-18",15,4,0.0111,0.0409977841293468,1,4,0,23.1,11
"164",164,"PSSP","PSSP","Exclusion",1,3,25,2,"R","17-Oct-18",17,4,0.2125,0.17537940988665,1,3,0,26.4,13
"165",165,"PSSP","PSSP","Control",1,3,25,2,"R","17-Oct-18",16,7,0.0191,0.00282743338823081,1,5,0,17.2,9
"166",166,"PSSP","POSE","Feedback",1,3,25,2,"R","16-Oct-18",16,4,0.1246,0.24315927138785,1,1,0,8.5,12
"167",167,"PSSP","POSE","Exclusion",1,3,25,2,"R","16-Oct-18",15,5,0.1796,0.896139304436488,1,1,0,6.4,10
"168",168,"PSSP","POSE","Control",1,3,25,2,"R","16-Oct-18",16,7,0.0354,0.0417046424764045,0,2,0,5.7,9
"169",169,"PSSP","ARTR","Feedback",1,4,27,5,"L","15-Oct-18",18,10,0.0176,2.76098870360739,1,3,0,2.5,8
"170",170,"PSSP","ARTR","Exclusion",1,4,27,5,"L","15-Oct-18",16,9,0.1251,7.73224491864788,1,2,0,4.7,7
"171",171,"PSSP","ARTR","Control",1,4,27,5,"L","15-Oct-18",14,8,0.0053,0.340234484383775,1,2,0,1.6,6
"172",172,"PSSP","HECO","Feedback",1,4,27,5,"L","18-Oct-18",14,9,0.0305,0.00816814089933346,1,3,0,8.7,5
"173",173,"PSSP","HECO","Exclusion",1,4,27,5,"L","18-Oct-18",13,8,0.1081,0.0791681348704628,1,5,0,12.2,5
"174",174,"PSSP","HECO","Control",1,4,27,5,"L","18-Oct-18",11,7,0.0461,0.00439822971502571,1,5,0,11.1,4
"175",175,"PSSP","PSSP","Feedback",1,4,27,5,"L","17-Oct-18",12,7,0.0186,0.00824668071567321,1,4,0,16.9,5
"176",176,"PSSP","PSSP","Exclusion",1,4,27,5,"L","17-Oct-18",14,8,0.244,0.075398223686155,1,3,0,18.2,6
"177",177,"PSSP","PSSP","Control",1,4,27,5,"L","17-Oct-18",10,7,0.0145,0.00015707963267949,0,4,0,10.2,3
"178",178,"PSSP","POSE","Feedback",1,4,27,5,"L","16-Oct-18",14,6,0.1334,0.808645949034013,1,3,0,4.9,8
"179",179,"PSSP","POSE","Exclusion",1,4,27,5,"L","16-Oct-18",10,5,0.1375,0.56320902297231,1,4,0,8.4,5
"180",180,"PSSP","POSE","Control",1,4,27,5,"L","16-Oct-18",12,5,NA,NA,0,4,0,NA,7
"181",181,"POSE","ARTR","Feedback",1,4,27,5,"R","15-Oct-18",15,10,0.0444,0.113411494794592,1,4,0,1.2,5
"182",182,"POSE","ARTR","Exclusion",1,4,27,5,"R","15-Oct-18",14,7,0.0015,2.19597326485927,1,3,0,4.4,7
"183",183,"POSE","ARTR","Control",1,4,27,5,"R","15-Oct-18",18,9,0.0048,0.265543119044677,1,6,0,1.6,9
"184",184,"POSE","HECO","Feedback",1,4,27,5,"R","18-Oct-18",10,6,0.0231,0.00714712328691678,1,5,0,10.6,4
"185",185,"POSE","HECO","Exclusion",1,4,27,5,"R","18-Oct-18",12,7,0.0307,0.0235619449019234,1,3,0,9.3,5
"186",186,"POSE","HECO","Control",1,4,27,5,"R","18-Oct-18",16,9,0.0137,0.015079644737231,1,1,0,7.2,7
"187",187,"POSE","PSSP","Feedback",1,4,27,5,"R","17-Oct-18",12,8,0.0461,0.00989601685880785,1,2,0,16.1,4
"188",188,"POSE","PSSP","Exclusion",1,4,27,5,"R","17-Oct-18",11,8,0.1691,0.120951317163207,1,4,0,24.4,3
"189",189,"POSE","PSSP","Control",1,4,27,5,"R","17-Oct-18",15,6,0.0469,0.0742201264410589,1,3,0,14.3,9
"190",190,"POSE","POSE","Feedback",1,4,27,5,"R","16-Oct-18",12,4,0.0736,0.159278747537003,1,2,1,5.9,8
"191",191,"POSE","POSE","Exclusion",1,4,27,5,"R","16-Oct-18",13,6,0.0671,0.1539380400259,1,1,0,8.2,7
"192",192,"POSE","POSE","Control",1,4,27,5,"R","16-Oct-18",17,10,0.0726,0.417831822927442,1,3,1,5.7,7
"193",193,"ARTR","ARTR","Feedback",1,4,27.8,1,"L","15-Oct-18",46,0,0.0056,6.77830030938534,1,4,0,4.2,46
"194",194,"ARTR","ARTR","Exclusion",1,4,27.8,1,"L","15-Oct-18",45,0,0.0137,0.69240702085119,1,4,0,2.1,45
"195",195,"ARTR","ARTR","Control",1,4,27.8,1,"L","15-Oct-18",42,0,0.0033,0.86480191771693,1,6,0,1.9,42
"196",196,"ARTR","HECO","Feedback",1,4,27.8,1,"L","18-Oct-18",43,0,0.0228,0.0109955742875643,1,4,0,15.3,43
"197",197,"ARTR","HECO","Exclusion",1,4,27.8,1,"L","18-Oct-18",38,0,0.0764,0.0367566340470006,1,2,0,20.2,38
"198",198,"ARTR","HECO","Control",1,4,27.8,1,"L","18-Oct-18",29,5,0.0113,0.00824668071567321,1,4,0,7.4,24
"199",199,"ARTR","PSSP","Feedback",1,4,27.8,1,"L","17-Oct-18",44,0,0.0716,0.0226194671058465,1,1,0,22.4,44
"200",200,"ARTR","PSSP","Exclusion",1,4,27.8,1,"L","17-Oct-18",40,0,0.3036,0.297194665029594,1,5,0,27.2,40
"201",201,"ARTR","PSSP","Control",1,4,27.8,1,"L","17-Oct-18",44,5,0.0359,0.0119380520836412,1,3,0,17.7,39
"202",202,"ARTR","POSE","Feedback",1,4,27.8,1,"L","16-Oct-18",49,2,0.0896,0.108856185446886,1,6,0,8.7,47
"203",203,"ARTR","POSE","Exclusion",1,4,27.8,1,"L","16-Oct-18",49,0,0.1796,0.309132717113236,1,4,0,9.2,49
"204",204,"ARTR","POSE","Control",1,4,27.8,1,"L","16-Oct-18",51,0,0.0794,0.196428080665702,1,5,0,5.6,51
"205",205,"BARE","ARTR","Feedback",1,4,28.5,3,"R","15-Oct-18",NA,NA,0.0025,0.0867079572390783,1,4,0,1.2,NA
"206",206,"BARE","ARTR","Exclusion",1,4,28.5,3,"R","15-Oct-18",NA,NA,0.083,8.34069287583188,1,1,0,4.5,NA
"207",207,"BARE","ARTR","Control",1,4,28.5,3,"R","15-Oct-18",NA,NA,0.001,0.0102101761241668,1,3,0,1.2,NA
"208",208,"BARE","HECO","Feedback",1,4,28.5,3,"R","18-Oct-18",NA,NA,0.0249,0.0204988920646734,1,5,0,7.4,NA
"209",209,"BARE","HECO","Exclusion",1,4,28.5,3,"R","18-Oct-18",NA,NA,0.0398,0.0735132680940012,1,1,0,4.8,NA
"210",210,"BARE","HECO","Control",1,4,28.5,3,"R","18-Oct-18",NA,NA,NA,NA,0,0,0,NA,NA
"211",211,"BARE","PSSP","Feedback",1,4,28.5,3,"R","17-Oct-18",NA,NA,0.0736,0.0989601685880785,1,3,0,13.1,NA
"212",212,"BARE","PSSP","Exclusion",1,4,28.5,3,"R","17-Oct-18",NA,NA,0.1668,0.229022104446696,1,1,0,16.4,NA
"213",213,"BARE","PSSP","Control",1,4,28.5,3,"R","17-Oct-18",NA,NA,0.0403,0.0706858347057703,1,4,0,14.4,NA
"214",214,"BARE","POSE","Feedback",1,4,28.5,3,"R","16-Oct-18",NA,NA,0.0571,0.401259921679756,0,4,0,5.3,NA
"215",215,"BARE","POSE","Exclusion",1,4,28.5,3,"R","16-Oct-18",NA,NA,0.2555,1.06099437893361,1,4,0,3.9,NA
"216",216,"BARE","POSE","Control",1,4,28.5,3,"R","16-Oct-18",NA,NA,0.0763,0.357905943060217,1,5,0,5.5,NA
"217",217,"HECO","ARTR","Feedback",1,3,30.3,6,"L","15-Oct-18",20,3,0.0028,0.407778726435955,1,1,0,1.5,17
"218",218,"HECO","ARTR","Exclusion",1,3,30.3,6,"L","15-Oct-18",18,8,0.0987,6.89650273297665,1,0,0,4.2,10
"219",219,"HECO","ARTR","Control",1,3,30.3,6,"L","15-Oct-18",17,9,0.0418,5.39843427611236,1,0,0,3.9,8
"220",220,"HECO","HECO","Feedback",1,3,30.3,6,"L","18-Oct-18",19,9,NA,NA,0,0,0,NA,10
"221",221,"HECO","HECO","Exclusion",1,3,30.3,6,"L","18-Oct-18",19,12,0.0594,0.113097335529233,1,1,0,14.3,7
"222",222,"HECO","HECO","Control",1,3,30.3,6,"L","18-Oct-18",17,10,0.0118,0.00502654824574367,1,3,0,13.1,7
"223",223,"HECO","PSSP","Feedback",1,3,30.3,6,"L","17-Oct-18",15,9,0.0598,0.023090706003885,1,6,0,14.3,6
"224",224,"HECO","PSSP","Exclusion",1,3,30.3,6,"L","17-Oct-18",15,8,0.1098,0.0245044226980004,1,5,0,17,7
"225",225,"HECO","PSSP","Control",1,3,30.3,6,"L","17-Oct-18",17,6,0.0271,0.0439822971502571,1,5,0,15.6,11
"226",226,"HECO","POSE","Feedback",1,3,30.3,6,"L","16-Oct-18",16,8,0.0998,0.436838458481661,1,1,0,4.8,8
"227",227,"HECO","POSE","Exclusion",1,3,30.3,6,"L","16-Oct-18",17,7,0.1063,0.358141562509236,1,5,0,4.8,10
"228",228,"HECO","POSE","Control",1,3,30.3,6,"L","16-Oct-18",16,7,0.0847,0.344318554833441,1,4,0,4.4,9
"229",229,"HECO","PSSP","Feedback",1,4,32.5,2,"R","17-Oct-18",8,2,0.073,0.00777544181763474,1,7,0,12.2,6
"230",230,"HECO","PSSP","Exclusion",1,4,32.5,2,"R","17-Oct-18",11,2,0.1345,0.167289808803656,1,4,0,27.4,9
"231",231,"HECO","PSSP","Control",1,4,32.5,2,"R","17-Oct-18",11,2,0.0106,0.00691150383789755,1,6,0,16.8,9
"232",232,"HECO","POSE","Feedback",1,4,32.5,2,"R","16-Oct-18",14,6,0.0872,0.552056369052066,1,6,0,3.7,8
"233",233,"HECO","POSE","Exclusion",1,4,32.5,2,"R","16-Oct-18",10,3,0.3029,1.39816581048014,1,4,0,5.7,7
"234",234,"HECO","POSE","Control",1,4,32.5,2,"R","16-Oct-18",10,3,0.0842,0.650937997823805,1,5,0,7.3,7
"235",235,"HECO","ARTR","Feedback",1,4,33,0,"","15-Oct-18",12,4,0.0063,0.704345072934832,1,6,0,2.5,8
"236",236,"HECO","ARTR","Exclusion",1,4,33,0,"","15-Oct-18",10,3,0.0038,0.346203510425595,1,2,0,1.7,7
"237",237,"HECO","ARTR","Control",1,4,33,0,"","15-Oct-18",12,7,0.0013,0.0933053018116169,0,5,0,1.4,5
"238",238,"HECO","HECO","Feedback",1,4,33,0,"","18-Oct-18",9,5,0.0312,0.00942477796076938,1,3,0,11.1,4
"239",239,"HECO","HECO","Exclusion",1,4,33,0,"","18-Oct-18",12,7,6e-04,7.85398163397448e-05,0,1,0,3.2,5
"240",240,"HECO","HECO","Control",1,4,33,0,"","18-Oct-18",9,3,0.0167,0.00942477796076938,1,2,0,15.5,6
"241",241,"HECO","ARTR","Feedback",2,5,5.2,4,"R","15-Oct-18",12,5,0.0388,3.95628616848197,1,2,0,3.2,7
"242",242,"HECO","ARTR","Exclusion",2,5,5.2,4,"R","15-Oct-18",16,6,0.0569,3.940342585765,1,3,0,4.2,10
"243",243,"HECO","ARTR","Control",2,5,5.2,4,"R","15-Oct-18",18,4,0.0077,0.410449080191506,1,4,0,2.4,14
"244",244,"HECO","HECO","Feedback",2,5,5.2,4,"R","18-Oct-18",11,4,0.032,0.00549778714378214,1,5,0,14.8,7
"245",245,"HECO","HECO","Exclusion",2,5,5.2,4,"R","18-Oct-18",18,5,0.0699,0.0213628300444106,1,2,0,19.6,13
"246",246,"HECO","HECO","Control",2,5,5.2,4,"R","18-Oct-18",18,5,0.024,0.00424115008234622,1,1,0,11.6,13
"247",247,"HECO","PSSP","Feedback",2,5,5.2,4,"R","17-Oct-18",16,6,0.0928,0.0505796417227957,1,8,0,22,10
"248",248,"HECO","PSSP","Exclusion",2,5,5.2,4,"R","17-Oct-18",15,7,0.1023,0.0075398223686155,1,7,0,22.6,8
"249",249,"HECO","PSSP","Control",2,5,5.2,4,"R","17-Oct-18",15,7,0.0511,0.00636172512351933,1,8,0,19.1,8
"250",250,"HECO","POSE","Feedback",2,5,5.2,4,"R","16-Oct-18",21,11,0.095,0.116553087448181,1,6,0,4.8,10
"251",251,"HECO","POSE","Exclusion",2,5,5.2,4,"R","16-Oct-18",22,11,0.106,0.119459060652752,1,3,0,8.4,11
"252",252,"HECO","POSE","Control",2,5,5.2,4,"R","16-Oct-18",15,8,0.0531,0.378876074022929,1,4,0,6.7,7
"253",253,"PSSP","ARTR","Feedback",2,5,6,3,"R","15-Oct-18",14,6,0.0207,2.46049536629153,1,0,0,2.8,8
"254",254,"PSSP","ARTR","Exclusion",2,5,6,3,"R","15-Oct-18",15,8,0.0304,1.50419456253879,1,3,0,2.7,7
"255",255,"PSSP","ARTR","Control",2,5,6,3,"R","15-Oct-18",13,7,0.0311,2.53840686410055,1,6,0,3.8,6
"256",256,"PSSP","HECO","Feedback",2,5,6,3,"R","18-Oct-18",16,10,0.0195,0.0459457925587507,1,3,0,6,6
"257",257,"PSSP","HECO","Exclusion",2,5,6,3,"R","18-Oct-18",14,6,0.0441,0.0371493331286993,1,4,0,10.4,8
"258",258,"PSSP","HECO","Control",2,5,6,3,"R","18-Oct-18",15,6,0.0146,0.00824668071567321,1,2,0,9.4,9
"259",259,"PSSP","PSSP","Feedback",2,5,6.2,3,"R","17-Oct-18",12,7,0.0246,0.00604756585816035,1,4,0,16.6,5
"260",260,"PSSP","PSSP","Exclusion",2,5,6.2,3,"R","17-Oct-18",12,5,0.0355,0.0113097335529233,1,5,0,15.5,7
"261",261,"PSSP","PSSP","Control",2,5,6.2,3,"R","17-Oct-18",14,5,0.0284,0.0386415896391544,1,4,0,15.7,9
"262",262,"PSSP","POSE","Feedback",2,5,6.2,3,"R","16-Oct-18",15,8,0.1803,0.442022086360084,0,4,1,5.3,7
"263",263,"PSSP","POSE","Exclusion",2,5,6.2,3,"R","16-Oct-18",11,3,0.194,0.642691317108132,1,4,0,6.1,8
"264",264,"PSSP","POSE","Control",2,5,6.2,3,"R","16-Oct-18",13,7,1e-04,7.85398163397448e-05,0,4,0,3.2,6
"265",265,"BARE","ARTR","Feedback",2,5,7,4,"L","15-Oct-18",NA,NA,0.0083,0.170902640355285,1,2,0,0.9,NA
"266",266,"BARE","ARTR","Exclusion",2,5,7,4,"L","15-Oct-18",NA,NA,0.0036,1.53953747989168,1,3,0,1.3,NA
"267",267,"BARE","ARTR","Control",2,5,7,4,"L","15-Oct-18",NA,NA,0.0423,1.73769343651685,1,4,0,3.2,NA
"268",268,"BARE","HECO","Feedback",2,5,7,4,"L","18-Oct-18",NA,NA,0.0226,0.00950331777710912,1,1,0,8.7,NA
"269",269,"BARE","HECO","Exclusion",2,5,7,4,"L","18-Oct-18",NA,NA,NA,NA,0,0,0,NA,NA
"270",270,"BARE","HECO","Control",2,5,7,4,"L","18-Oct-18",NA,NA,0.0186,0.0132732289614169,1,4,0,8,NA
"271",271,"BARE","PSSP","Feedback",2,5,7,4,"L","17-Oct-18",NA,NA,0.0738,0.100530964914873,1,1,0,13.6,NA
"272",272,"BARE","PSSP","Exclusion",2,5,7,4,"L","17-Oct-18",NA,NA,0.0719,0.152210164066425,1,3,0,13.2,NA
"273",273,"BARE","PSSP","Control",2,5,7,4,"L","17-Oct-18",NA,NA,0.0935,0.0194778744522567,1,4,0,19.6,NA
"274",274,"BARE","POSE","Feedback",2,5,7,4,"L","16-Oct-18",NA,NA,0.0361,0.639078485556504,1,5,0,5.8,NA
"275",275,"BARE","POSE","Exclusion",2,5,7,4,"L","16-Oct-18",NA,NA,0.1571,0.0956614963018092,1,2,0,3.5,NA
"276",276,"BARE","POSE","Control",2,5,7,4,"L","16-Oct-18",NA,NA,0.0268,0.212057504117311,1,1,0,4.3,NA
"277",277,"POSE","ARTR","Feedback",2,5,7.1,0.5,"L","15-Oct-18",15,5,0.0227,1.4111248801762,1,2,0,2,10
"278",278,"POSE","ARTR","Exclusion",2,5,7.1,0.5,"L","15-Oct-18",12,6,0.028,1.44858837257025,1,4,0,2.8,6
"279",279,"POSE","ARTR","Control",2,5,7.1,0.5,"L","15-Oct-18",12,7,0.027,2.64663473101672,1,4,0,3.4,5
"280",280,"POSE","HECO","Feedback",2,5,7.1,0.5,"L","18-Oct-18",11,4,0.0224,0.00785398163397448,1,1,0,8.7,7
"281",281,"POSE","HECO","Exclusion",2,5,7.1,0.5,"L","18-Oct-18",9,4,0.052,0.0340862802914493,1,3,0,12.6,5
"282",282,"POSE","HECO","Control",2,5,7.1,0.5,"L","18-Oct-18",14,6,0.0139,0.0038484510006475,1,3,0,8.4,8
"283",283,"POSE","PSSP","Feedback",2,5,7.1,0.5,"L","17-Oct-18",10,5,0.012,0.00196349540849362,1,7,0,11.1,5
"284",284,"POSE","PSSP","Exclusion",2,5,7.1,0.5,"L","17-Oct-18",9,5,0.2233,0.0731205690123024,1,5,0,22.8,4
"285",285,"POSE","PSSP","Control",2,5,7.1,0.5,"L","17-Oct-18",9,6,0.0489,0.00824668071567321,1,5,0,18.4,3
"286",286,"POSE","POSE","Feedback",2,5,7.1,0.5,"L","16-Oct-18",15,6,0.0505,0.0959756555671682,1,3,0,6.3,9
"287",287,"POSE","POSE","Exclusion",2,5,7.1,0.5,"L","16-Oct-18",7,5,0.161,0.38170350741116,1,6,1,6.5,2
"288",288,"POSE","POSE","Control",2,5,7.1,0.5,"L","16-Oct-18",11,8,0.0485,0.336464573199467,1,4,0,4.8,3
"289",289,"ARTR","ARTR","Feedback",2,5,8.9,0,"","15-Oct-18",48,0,0.0225,1.18194569609682,1,2,0,2.8,48
"290",290,"ARTR","ARTR","Exclusion",2,5,8.9,0,"","15-Oct-18",37,0,NA,NA,0,2,0,NA,37
"291",291,"ARTR","ARTR","Control",2,5,8.9,0,"","15-Oct-18",31,0,0.0057,0.416575185866007,1,0,0,1.3,31
"292",292,"ARTR","HECO","Feedback",2,5,8.9,0,"","18-Oct-18",30,0,0.0036,0.00125663706143592,0,2,0,5.5,30
"293",293,"ARTR","HECO","Exclusion",2,5,8.9,0,"","18-Oct-18",34,0,NA,NA,0,0,0,NA,34
"294",294,"ARTR","HECO","Control",2,5,8.9,0,"","18-Oct-18",38,0,0.0175,0.0038484510006475,1,2,0,9.2,38
"295",295,"ARTR","PSSP","Feedback",2,5,8.9,0,"","17-Oct-18",36,0,0.063,0.259181393921158,1,7,0,21.7,36
"296",296,"ARTR","PSSP","Exclusion",2,5,8.9,0,"","17-Oct-18",32,2,0.3246,0.21865484868985,1,7,0,26.2,30
"297",297,"ARTR","PSSP","Control",2,5,8.9,0,"","17-Oct-18",34,0,0.0907,0.0132732289614169,1,9,0,28.9,34
"298",298,"ARTR","POSE","Feedback",2,5,8.9,0,"","16-Oct-18",34,0,0.0376,0.0975464518939631,1,2,0,6.2,34
"299",299,"ARTR","POSE","Exclusion",2,5,8.9,0,"","16-Oct-18",35,0,0.1999,0.457965669077052,1,5,0,13.3,35
"300",300,"ARTR","POSE","Control",2,5,8.9,0,"","16-Oct-18",34,0,0.0484,0.0926769832808989,1,3,0,9.6,34
"301",301,"POSE","ARTR","Feedback",2,6,10,1,"R","15-Oct-18",10,4,0.0079,0.437309697379699,1,1,0,1.5,6
"302",302,"POSE","ARTR","Exclusion",2,6,10,1,"R","15-Oct-18",9,2,0.1224,6.74170075497102,1,3,0,4.3,7
"303",303,"POSE","ARTR","Control",2,6,10,1,"R","15-Oct-18",15,8,0.0322,2.09936929076138,1,2,0,2.9,7
"304",304,"POSE","HECO","Feedback",2,6,10,1,"R","18-Oct-18",17,6,NA,NA,0,4,0,NA,11
"305",305,"POSE","HECO","Exclusion",2,6,10,1,"R","18-Oct-18",19,7,0.051,0.0656592864600267,1,2,0,9.8,12
"306",306,"POSE","HECO","Control",2,6,10,1,"R","18-Oct-18",14,5,0.0209,0.0132732289614169,1,4,0,11.2,9
"307",307,"POSE","PSSP","Feedback",2,6,10,1,"R","17-Oct-18",10,5,0.0901,0.0293738913110646,1,7,0,15.7,5
"308",308,"POSE","PSSP","Exclusion",2,6,10,1,"R","17-Oct-18",11,2,0.1439,0.0537212343763855,1,9,0,22.9,9
"309",309,"POSE","PSSP","Control",2,6,10,1,"R","17-Oct-18",13,8,0.0988,0.053878314009065,1,4,0,17.5,5
"310",310,"POSE","POSE","Feedback",2,6,10,1,"R","16-Oct-18",15,7,0.0318,0.137837377676252,0,2,0,2.9,8
"311",311,"POSE","POSE","Exclusion",2,6,10,1,"R","16-Oct-18",14,8,0.1741,0.202632726156542,0,5,0,7.4,6
"312",312,"POSE","POSE","Control",2,6,10,1,"R","16-Oct-18",16,11,0.055,0.236404847182632,1,2,0,3.3,5
"313",313,"ARTR","ARTR","Feedback",2,6,11.2,5,"L","15-Oct-18",49,0,0.0076,1.12955963859821,1,5,0,1.6,49
"314",314,"ARTR","ARTR","Exclusion",2,6,11.2,5,"L","15-Oct-18",42,0,0.0287,5.3249995478347,1,6,0,3.5,42
"315",315,"ARTR","ARTR","Control",2,6,11.2,5,"L","15-Oct-18",49,0,NA,NA,0,0,0,NA,49
"316",316,"ARTR","HECO","Feedback",2,6,11.2,5,"L","18-Oct-18",48,0,0.024,0.00636172512351933,1,5,0,14.5,48
"317",317,"ARTR","HECO","Exclusion",2,6,11.2,5,"L","18-Oct-18",50,0,0.0566,0.00950331777710912,1,3,0,24.6,50
"318",318,"ARTR","HECO","Control",2,6,11.2,5,"L","18-Oct-18",52,0,0.0129,0.00196349540849362,1,2,0,11.6,52
"319",319,"ARTR","PSSP","Feedback",2,6,11.2,5,"L","17-Oct-18",52,0,0.0811,0.022776546738526,1,6,0,26.7,52
"320",320,"ARTR","PSSP","Exclusion",2,6,11.2,5,"L","17-Oct-18",50,0,0.0861,0.0339292006587698,1,4,0,33.7,50
"321",321,"ARTR","PSSP","Control",2,6,11.2,5,"L","17-Oct-18",50,0,0.0612,0.0201061929829747,1,4,0,20.3,50
"322",322,"ARTR","POSE","Feedback",2,6,11.2,5,"L","16-Oct-18",36,0,0.0861,0.208287592933003,1,4,1,5.9,36
"323",323,"ARTR","POSE","Exclusion",2,6,11.2,5,"L","16-Oct-18",34,0,0.1972,0.309132717113236,1,1,0,11.6,34
"324",324,"ARTR","POSE","Control",2,6,11.2,5,"L","16-Oct-18",35,0,0.0418,0.0480663675999238,1,6,0,8,35
"325",325,"BARE","ARTR","Feedback",2,6,12.5,0,"","15-Oct-18",NA,NA,0.0152,0.0120951317163207,1,1,0,2,NA
"326",326,"BARE","ARTR","Exclusion",2,6,12.5,0,"","15-Oct-18",NA,NA,0.0242,2.01965137717654,1,2,0,2.7,NA
"327",327,"BARE","ARTR","Control",2,6,12.5,0,"","15-Oct-18",NA,NA,0.0087,0.33866368805698,1,3,0,2,NA
"328",328,"BARE","HECO","Feedback",2,6,12.5,0,"","18-Oct-18",NA,NA,0.0023,0.0038484510006475,0,5,0,4.1,NA
"329",329,"BARE","HECO","Exclusion",2,6,12.5,0,"","18-Oct-18",NA,NA,0.0516,0.0273318560862312,1,3,0,9.1,NA
"330",330,"BARE","HECO","Control",2,6,12.5,0,"","18-Oct-18",NA,NA,0.0232,0.00950331777710912,1,1,0,4.3,NA
"331",331,"BARE","PSSP","Feedback",2,6,12.5,0,"","17-Oct-18",NA,NA,0.0558,0.044924774946334,1,10,0,10.9,NA
"332",332,"BARE","PSSP","Exclusion",2,6,12.5,0,"","17-Oct-18",NA,NA,0.1701,0.060318578948924,1,8,0,13.6,NA
"333",333,"BARE","PSSP","Control",2,6,12.5,0,"","17-Oct-18",NA,NA,0.0522,0.00950331777710912,1,5,0,18.8,NA
"334",334,"BARE","POSE","Feedback",2,6,12.5,0,"","16-Oct-18",NA,NA,0.086,0.103672557568463,1,2,0,5.3,NA
"335",335,"BARE","POSE","Exclusion",2,6,12.5,0,"","16-Oct-18",NA,NA,0.1501,0.372671428532089,1,3,0,4.1,NA
"336",336,"BARE","POSE","Control",2,6,12.5,0,"","16-Oct-18",NA,NA,0.1974,0.533913671477585,1,1,1,3.4,NA
"337",337,"PSSP","ARTR","Feedback",2,6,16.3,4,"L","15-Oct-18",18,8,0.0228,2.52701859073129,1,5,0,4.3,10
"338",338,"PSSP","ARTR","Exclusion",2,6,16.3,4,"L","15-Oct-18",18,8,0.0538,4.79823299964403,1,7,0,3.3,10
"339",339,"PSSP","ARTR","Control",2,6,16.3,4,"L","15-Oct-18",18,9,0.0198,1.93467129589693,1,6,0,2.4,9
"340",340,"PSSP","HECO","Feedback",2,6,16.3,4,"L","18-Oct-18",19,9,0.0783,0.0215984494934298,1,3,0,16.6,10
"341",341,"PSSP","HECO","Exclusion",2,6,16.3,4,"L","18-Oct-18",18,9,0.069,0.0241902634326414,1,3,0,14.8,9
"342",342,"PSSP","HECO","Control",2,6,16.3,4,"L","18-Oct-18",14,8,0.0316,0.0038484510006475,1,4,0,15,6
"343",343,"PSSP","PSSP","Feedback",2,6,16.3,4,"L","17-Oct-18",19,12,0.0834,0.0131946891450771,1,3,0,13.4,7
"344",344,"PSSP","PSSP","Exclusion",2,6,16.3,4,"L","17-Oct-18",18,12,0.1852,0.226194671058465,1,4,0,17.1,6
"345",345,"PSSP","PSSP","Control",2,6,16.3,4,"L","17-Oct-18",17,11,0.0686,0.0180641577581413,1,7,0,22.1,6
"346",346,"PSSP","POSE","Feedback",2,6,16.3,4,"L","16-Oct-18",17,11,0.095,0.339292006587698,1,1,0,4.3,6
"347",347,"PSSP","POSE","Exclusion",2,6,16.3,4,"L","16-Oct-18",19,11,0.2526,0.684474499400876,1,1,1,7.6,8
"348",348,"PSSP","POSE","Control",2,6,16.3,4,"L","16-Oct-18",18,10,0.1355,0.108856185446886,1,1,0,7,8
"349",349,"HECO","ARTR","Feedback",2,6,6,3,"R","15-Oct-18",13,5,NA,NA,0,2,0,NA,8
"350",350,"HECO","ARTR","Exclusion",2,6,6,3,"R","15-Oct-18",15,9,0.043,1.9154290408937,1,1,0,4.4,6
"351",351,"HECO","ARTR","Control",2,6,6,3,"R","15-Oct-18",14,6,0.0105,1.1081968085538,1,2,0,1.6,8
"352",352,"HECO","HECO","Feedback",2,6,6,3,"R","18-Oct-18",13,5,0.0519,0.0141371669411541,1,5,0,15.3,8
"353",353,"HECO","HECO","Exclusion",2,6,6,3,"R","18-Oct-18",14,9,0.0551,0.0276460153515902,1,4,0,14.5,5
"354",354,"HECO","HECO","Control",2,6,6,3,"R","18-Oct-18",12,5,0.0255,0.00785398163397448,1,5,0,13.1,7
"355",355,"HECO","PSSP","Feedback",2,6,6,3,"R","17-Oct-18",12,5,0.1092,0.0207345115136926,1,4,0,19.9,7
"356",356,"HECO","PSSP","Exclusion",2,6,6,3,"R","17-Oct-18",15,10,0.1094,0.0333794219443916,1,2,0,23,5
"357",357,"HECO","PSSP","Control",2,6,6,3,"R","17-Oct-18",12,6,0.0882,0.0701360559913921,1,3,0,22.3,6
"358",358,"HECO","POSE","Feedback",2,6,6,3,"R","16-Oct-18",15,7,0.1209,0.423643769336584,1,7,0,5.5,8
"359",359,"HECO","POSE","Exclusion",2,6,6,3,"R","16-Oct-18",12,7,0.2415,0.540903715131823,1,6,0,9.1,5
"360",360,"HECO","POSE","Control",2,6,6,3,"R","16-Oct-18",11,7,0.0132,0.00282743338823081,1,5,0,4.3,4
"361",361,"PSSP","ARTR","Feedback",3,7,1.8,3,"L","15-Oct-18",15,6,0.0306,1.10827534837014,1,4,0,2.2,9
"362",362,"PSSP","ARTR","Exclusion",3,7,1.8,3,"L","15-Oct-18",14,3,0.1973,5.72036898328898,1,5,0,6,11
"363",363,"PSSP","ARTR","Control",3,7,1.8,3,"L","15-Oct-18",16,9,0.1747,2.34276418159825,1,0,0,3.7,7
"364",364,"PSSP","HECO","Feedback",3,7,1.8,3,"L","18-Oct-18",13,4,0.0184,0.0113097335529233,1,1,0,16,9
"365",365,"PSSP","HECO","Exclusion",3,7,1.8,3,"L","18-Oct-18",11,5,NA,NA,0,0,0,NA,6
"366",366,"PSSP","HECO","Control",3,7,1.8,3,"L","18-Oct-18",17,8,0.0152,0.00950331777710912,1,3,0,6.7,9
"367",367,"PSSP","PSSP","Feedback",3,7,1.8,3,"L","17-Oct-18",16,6,0.0644,0.0226980069221863,1,4,0,19.8,10
"368",368,"PSSP","PSSP","Exclusion",3,7,1.8,3,"L","17-Oct-18",14,7,0.3227,0.188495559215388,1,8,0,29.1,7
"369",369,"PSSP","PSSP","Control",3,7,1.8,3,"L","17-Oct-18",13,2,0.0358,0.01539380400259,1,4,0,14.3,11
"370",370,"PSSP","POSE","Feedback",3,7,1.8,3,"L","16-Oct-18",14,8,0.12,0.568471190667073,1,2,0,4.1,6
"371",371,"PSSP","POSE","Exclusion",3,7,1.8,3,"L","16-Oct-18",13,5,0.1126,0.146084058391925,1,9,0,9.4,8
"372",372,"PSSP","POSE","Control",3,7,1.8,3,"L","16-Oct-18",16,8,0.084,0.407778726435955,1,5,0,5.7,8
"373",373,"HECO","ARTR","Feedback",3,7,1.8,7,"L","15-Oct-18",17,4,NA,NA,0,1,0,NA,13
"374",374,"HECO","ARTR","Exclusion",3,7,1.8,7,"L","15-Oct-18",16,5,0.0533,3.0963537193781,1,3,0,4.4,11
"375",375,"HECO","ARTR","Control",3,7,1.8,7,"L","15-Oct-18",14,5,0.0158,2.83732940508962,1,2,0,3.1,9
"376",376,"HECO","HECO","Feedback",3,7,1.8,7,"L","18-Oct-18",9,3,0.0355,0.00785398163397448,1,4,0,16,6
"377",377,"HECO","HECO","Exclusion",3,7,1.8,7,"L","18-Oct-18",10,4,NA,NA,0,0,0,NA,6
"378",378,"HECO","HECO","Control",3,7,1.8,7,"L","18-Oct-18",9,5,0.0239,0.0113097335529233,1,4,0,9.8,4
"379",379,"HECO","PSSP","Feedback",3,7,1.8,7,"L","17-Oct-18",8,2,0.1234,0.0388772090881737,1,3,0,22.7,6
"380",380,"HECO","PSSP","Exclusion",3,7,1.8,7,"L","17-Oct-18",6,4,0.4398,0.23090706003885,1,6,0,25.5,2
"381",381,"HECO","PSSP","Control",3,7,1.8,7,"L","17-Oct-18",9,5,0.0644,0.0414690230273853,1,2,0,8.3,4
"382",382,"HECO","POSE","Feedback",3,7,1.8,7,"L","16-Oct-18",10,5,0.0968,0.299472319703447,1,8,0,6.8,5
"383",383,"HECO","POSE","Exclusion",3,7,1.8,7,"L","16-Oct-18",9,2,0.1936,0.676541977950562,1,4,0,7.9,7
"384",384,"HECO","POSE","Control",3,7,1.8,7,"L","16-Oct-18",9,4,0.0524,0.122365033857322,1,5,0,5.1,5
"385",385,"POSE","ARTR","Feedback",3,7,1.8,2.5,"R","15-Oct-18",9,4,NA,NA,0,0,0,NA,5
"386",386,"POSE","ARTR","Exclusion",3,7,1.8,2.5,"R","15-Oct-18",10,5,0.0089,0.436288679767283,1,3,0,1.9,5
"387",387,"POSE","ARTR","Control",3,7,1.8,2.5,"R","15-Oct-18",9,5,0.0136,0.66161941284601,1,2,0,1.9,4
"388",388,"POSE","HECO","Feedback",3,7,1.8,2.5,"R","18-Oct-18",13,5,NA,NA,0,0,0,NA,8
"389",389,"POSE","HECO","Exclusion",3,7,1.8,2.5,"R","18-Oct-18",12,5,0.0162,0.0835663645854885,1,1,0,1.8,7
"390",390,"POSE","HECO","Control",3,7,1.8,2.5,"R","18-Oct-18",10,4,0.0219,0.0113097335529233,1,2,0,8.3,6
"391",391,"POSE","PSSP","Feedback",3,7,3.9,1,"L","17-Oct-18",11,4,0.0668,0.0406836248639878,1,4,0,18,7
"392",392,"POSE","PSSP","Exclusion",3,7,3.9,1,"L","17-Oct-18",12,8,0.1916,0.122522113490002,1,5,0,24.7,4
"393",393,"POSE","PSSP","Control",3,7,3.9,1,"L","17-Oct-18",9,5,0.0444,0.0314159265358979,1,3,0,17.9,4
"394",394,"POSE","POSE","Feedback",3,7,3.9,1,"L","16-Oct-18",14,9,0.0656,0.367095101571967,1,6,0,5.6,5
"395",395,"POSE","POSE","Exclusion",3,7,3.9,1,"L","16-Oct-18",10,5,0.1906,0.90163709158027,1,4,0,5.3,5
"396",396,"POSE","POSE","Control",3,7,3.9,1,"L","16-Oct-18",7,4,0.0489,0.202161487258503,1,5,0,8,3
"397",397,"ARTR","ARTR","Feedback",3,7,6.3,0,"","16-Oct-18",31,0,0.0234,3.31241675412874,1,4,0,2.9,31
"398",398,"ARTR","ARTR","Exclusion",3,7,6.3,0,"","16-Oct-18",29,0,0.0788,4.95193542022091,1,1,0,5.2,29
"399",399,"ARTR","ARTR","Control",3,7,6.3,0,"","16-Oct-18",29,0,0.018,2.35855068468254,1,3,0,2.2,29
"400",400,"ARTR","HECO","Feedback",3,7,6.3,0,"","18-Oct-18",32,0,0.031,0.0113097335529233,1,3,0,12.7,32
"401",401,"ARTR","HECO","Exclusion",3,7,6.3,0,"","18-Oct-18",34,0,0.0224,0.0534070751110265,1,1,0,5,34
"402",402,"ARTR","HECO","Control",3,7,6.3,0,"","18-Oct-18",42,0,0.0067,0.00950331777710912,1,4,0,7.8,42
"403",403,"ARTR","PSSP","Feedback",3,7,6.3,0,"","18-Oct-18",44,0,0.0362,0.0201061929829747,1,5,0,16.7,44
"404",404,"ARTR","PSSP","Exclusion",3,7,6.3,0,"","18-Oct-18",47,0,0.165,0.0439822971502571,1,6,0,18.2,47
"405",405,"ARTR","PSSP","Control",3,7,6.3,0,"","18-Oct-18",50,0,0.0704,0.0201061929829747,1,5,0,22,50
"406",406,"ARTR","POSE","Feedback",3,7,6.3,0,"","17-Oct-18",35,0,0.0539,0.327982273034774,1,4,0,7.3,35
"407",407,"ARTR","POSE","Exclusion",3,7,6.3,0,"","17-Oct-18",51,0,0.0909,0.61237494800099,1,8,0,6.6,51
"408",408,"ARTR","POSE","Control",3,7,6.3,0,"","17-Oct-18",55,4,0.063,0.0567057473972958,1,6,0,8,51
"409",409,"BARE","ARTR","Feedback",3,7,6.5,1,"L","16-Oct-18",NA,NA,NA,NA,0,1,0,NA,NA
"410",410,"BARE","ARTR","Exclusion",3,7,6.5,1,"L","16-Oct-18",NA,NA,0.0769,9.29071049427744,1,1,0,5.2,NA
"411",411,"BARE","ARTR","Control",3,7,6.5,1,"L","16-Oct-18",NA,NA,0.0182,1.57582287504064,1,1,0,1.8,NA
"412",412,"BARE","HECO","Feedback",3,7,6.5,1,"L","18-Oct-18",NA,NA,0.0199,0.0197920337176157,1,3,0,7.5,NA
"413",413,"BARE","HECO","Exclusion",3,7,6.5,1,"L","18-Oct-18",NA,NA,0.0426,0.0552920307031804,1,2,0,6.3,NA
"414",414,"BARE","HECO","Control",3,7,6.5,1,"L","18-Oct-18",NA,NA,NA,NA,0,0,0,NA,NA
"415",415,"BARE","PSSP","Feedback",3,7,6.5,1,"L","18-Oct-18",NA,NA,0.0415,0.0219911485751286,1,3,0,11.4,NA
"416",416,"BARE","PSSP","Exclusion",3,7,6.5,1,"L","18-Oct-18",NA,NA,0.1864,1.45055186797875,1,5,0,16.5,NA
"417",417,"BARE","PSSP","Control",3,7,6.5,1,"L","18-Oct-18",NA,NA,0.0469,0.00502654824574367,1,6,0,20.1,NA
"418",418,"BARE","POSE","Feedback",3,7,6.5,1,"L","17-Oct-18",NA,NA,0.0305,0.323426963687069,1,5,0,3.5,NA
"419",419,"BARE","POSE","Control",3,7,6.5,1,"L","17-Oct-18",NA,NA,0.0289,0.211115026321234,1,4,0,3.5,NA
"420",420,"BARE","POSE","Exclusion",3,7,6.5,1,"L","17-Oct-18",NA,NA,0.159,0.193207948195772,1,3,0,7.3,NA
"421",421,"POSE","ARTR","Feedback",3,8,9.2,2.5,"L","16-Oct-18",7,3,0.0232,0.791838428337307,1,2,0,2,4
"422",422,"POSE","ARTR","Exclusion",3,8,9.2,2.5,"L","16-Oct-18",6,3,0.1166,4.90842436196869,1,0,0,3.7,3
"423",423,"POSE","ARTR","Control",3,8,9.2,2.5,"L","16-Oct-18",9,4,0.0212,2.40677413191514,1,0,0,2.3,5
"424",424,"POSE","HECO","Feedback",3,8,9.2,2.5,"L","18-Oct-18",11,6,0.0234,0.0212057504117311,1,6,0,5.3,5
"425",425,"POSE","HECO","Exclusion",3,8,9.2,2.5,"L","18-Oct-18",10,7,0.0355,0.475165888855456,1,1,0,4.9,3
"426",426,"POSE","HECO","Control",3,8,9.2,2.5,"L","18-Oct-18",12,7,0.015,0.00785398163397448,1,3,0,6.4,5
"427",427,"POSE","PSSP","Feedback",3,8,11,2,"L","18-Oct-18",11,6,0.0471,0.00785398163397448,1,8,0,17.9,5
"428",428,"POSE","PSSP","Exclusion",3,8,11,2,"L","18-Oct-18",12,6,0.1877,0.0353429173528852,1,8,0,13.7,6
"429",429,"POSE","PSSP","Control",3,8,11,2,"L","18-Oct-18",9,5,0.1473,0.0263893782901543,1,7,0,20.3,4
"430",430,"POSE","POSE","Feedback",3,8,11,2,"L","17-Oct-18",11,5,0.0606,0.203418124319939,0,5,1,3.9,6
"431",431,"POSE","POSE","Exclusion",3,8,11,2,"L","17-Oct-18",10,6,0.1348,0.64324109582251,1,6,0,3.6,4
"432",432,"POSE","POSE","Control",3,8,11,2,"L","17-Oct-18",12,5,0.0916,0.228707945181337,1,4,0,5,7
"433",433,"BARE","ARTR","Feedback",3,8,12,7,"L","16-Oct-18",NA,NA,0.0285,1.52681402964464,1,1,0,2.4,NA
"434",434,"BARE","ARTR","Exclusion",3,8,12,7,"L","16-Oct-18",NA,NA,0.0854,4.94612347381177,1,3,0,4.4,NA
"435",435,"BARE","ARTR","Control",3,8,12,7,"L","16-Oct-18",NA,NA,0.0106,0.834485548609789,1,2,0,1.8,NA
"436",436,"BARE","HECO","Feedback",3,8,12,7,"L","18-Oct-18",NA,NA,0.0268,0.0226980069221863,1,2,0,8,NA
"437",437,"BARE","HECO","Exclusion",3,8,12,7,"L","18-Oct-18",NA,NA,0.0911,0.148440252882118,1,2,0,10,NA
"438",438,"BARE","HECO","Control",3,8,12,7,"L","18-Oct-18",NA,NA,0.0176,0.00785398163397448,1,2,0,5.8,NA
"439",439,"BARE","PSSP","Feedback",3,8,12,7,"L","18-Oct-18",NA,NA,0.0876,0.01539380400259,1,7,0,18.2,NA
"440",440,"BARE","PSSP","Exclusion",3,8,12,7,"L","18-Oct-18",NA,NA,0.1533,0.424115008234622,1,8,0,14.3,NA
"441",441,"BARE","PSSP","Control",3,8,12,7,"L","18-Oct-18",NA,NA,0.083,0.0125663706143592,1,3,0,14.8,NA
"442",442,"BARE","POSE","Feedback",3,8,12,7,"L","17-Oct-18",NA,NA,0.0655,0.226665909956504,1,2,0,5.4,NA
"443",443,"BARE","POSE","Exclusion",3,8,12,7,"L","17-Oct-18",NA,NA,0.1566,0.343218997404685,1,4,0,6.9,NA
"444",444,"BARE","POSE","Control",3,8,12,7,"L","17-Oct-18",NA,NA,0.0409,0.140743350880823,1,7,0,3.8,NA
"445",445,"ARTR","ARTR","Feedback",3,8,13.3,5,"L","16-Oct-18",20,0,0.0376,4.43341555274592,1,1,0,3,20
"446",446,"ARTR","ARTR","Exclusion",3,8,13.3,5,"L","16-Oct-18",16,0,0.0111,2.4001767873426,1,1,0,3.4,16
"447",447,"ARTR","ARTR","Control",3,8,13.3,5,"L","16-Oct-18",17,0,0.0178,3.20442450666159,1,1,0,2.9,17
"448",448,"ARTR","HECO","Feedback",3,8,13.3,5,"L","18-Oct-18",27,6,0.0201,0.00282743338823081,1,4,0,14.2,21
"449",449,"ARTR","HECO","Exclusion",3,8,13.3,5,"L","18-Oct-18",26,0,0.0275,0.00636172512351933,1,2,0,21.2,26
"450",450,"ARTR","HECO","Control",3,8,13.3,5,"L","18-Oct-18",29,0,0.0159,0.00282743338823081,1,2,0,9.8,29
"451",451,"ARTR","PSSP","Feedback",3,8,13.3,5,"L","18-Oct-18",17,0,0.0784,0.00282743338823081,1,2,0,31.9,17
"452",452,"ARTR","PSSP","Exclusion",3,8,13.3,5,"L","18-Oct-18",21,4,0.235,0.0541924732744239,1,2,0,32.8,17
"453",453,"ARTR","PSSP","Control",3,8,13.3,5,"L","18-Oct-18",15,2,0.0281,0.0038484510006475,1,6,0,20.1,13
"454",454,"ARTR","POSE","Feedback",3,8,13.3,5,"L","17-Oct-18",19,5,0.0582,0.0628318530717959,1,4,0,8.2,14
"455",455,"ARTR","POSE","Exclusion",3,8,13.3,5,"L","17-Oct-18",18,4,0.111,0.328453511932813,1,5,0,7.6,14
"456",456,"ARTR","POSE","Control",3,8,13.3,5,"L","17-Oct-18",16,0,0.0191,0.0376991118430775,1,3,0,3.9,16
"457",457,"PSSP","ARTR","Feedback",3,8,13.9,0.5,"L","16-Oct-18",22,8,0.0096,2.3266635192486,1,1,0,2.1,14
"458",458,"PSSP","ARTR","Exclusion",3,8,13.9,0.5,"L","16-Oct-18",21,9,NA,NA,0,0,0,NA,12
"459",459,"PSSP","ARTR","Control",3,8,13.9,0.5,"L","16-Oct-18",24,7,NA,NA,0,0,0,NA,17
"460",460,"PSSP","HECO","Feedback",3,8,13.9,0.5,"L","18-Oct-18",18,3,0.0205,0.0038484510006475,1,5,0,14.1,15
"461",461,"PSSP","HECO","Exclusion",3,8,13.9,0.5,"L","18-Oct-18",18,4,0.0343,0.0132732289614169,1,6,0,15.3,14
"462",462,"PSSP","HECO","Control",3,8,13.9,0.5,"L","18-Oct-18",16,4,0.0172,0.00502654824574367,1,1,0,8.5,12
"463",463,"PSSP","PSSP","Feedback",3,8,13.9,0.5,"L","18-Oct-18",16,6,0.0889,0.0188495559215388,0,3,1,18.5,10
"464",464,"PSSP","PSSP","Exclusion",3,8,13.9,0.5,"L","18-Oct-18",17,6,0.0826,0.0565486677646163,1,5,0,18.6,11
"465",465,"PSSP","PSSP","Control",3,8,13.9,0.5,"L","18-Oct-18",19,9,0.0083,0.00282743338823081,1,3,0,8.4,10
"466",466,"PSSP","POSE","Feedback",3,8,13.9,0.5,"L","17-Oct-18",16,5,0.063,0.188024320317349,1,3,0,8.8,11
"467",467,"PSSP","POSE","Exclusion",3,8,13.9,0.5,"L","17-Oct-18",19,8,0.207,0.622035345410779,1,6,0,8.3,11
"468",468,"PSSP","POSE","Control",3,8,13.9,0.5,"L","17-Oct-18",16,4,0.0436,0.0848230016469244,1,8,0,5.1,12
"469",469,"HECO","ARTR","Feedback",3,8,17,6,"L","16-Oct-18",12,8,0.0515,2.96880505764235,1,1,0,3.1,4
"470",470,"HECO","ARTR","Exclusion",3,8,17,6,"L","16-Oct-18",11,7,0.0401,1.77013038066517,1,0,0,3.2,4
"471",471,"HECO","ARTR","Control",3,8,17,6,"L","16-Oct-18",10,7,NA,NA,0,0,0,NA,3
"472",472,"HECO","HECO","Feedback",3,8,17,6,"L","18-Oct-18",10,5,0.0131,0.0038484510006475,1,4,0,9.2,5
"473",473,"HECO","HECO","Exclusion",3,8,17,6,"L","18-Oct-18",8,2,0.0891,0.0254469004940773,1,3,0,14,6
"474",474,"HECO","HECO","Control",3,8,17,6,"L","18-Oct-18",12,3,0.026,0.0038484510006475,1,4,0,13.1,9
"475",475,"HECO","PSSP","Feedback",3,8,17,6,"L","18-Oct-18",16,6,0.0733,0.00471238898038469,1,6,0,19.1,10
"476",476,"HECO","PSSP","Exclusion",3,8,17,6,"L","18-Oct-18",17,8,0.3815,0.237504404611388,1,4,0,31.3,9
"477",477,"HECO","PSSP","Control",3,8,17,6,"L","18-Oct-18",16,9,0.0687,0.01539380400259,1,3,0,24.7,7
"478",478,"HECO","POSE","Feedback",3,8,17,6,"L","17-Oct-18",7,4,0.0633,0.0663661448070844,1,4,0,7.9,3
"479",479,"HECO","POSE","Exclusion",3,8,17,6,"L","17-Oct-18",10,4,0.254,2.07085933743005,1,8,0,6.3,6
"480",480,"HECO","POSE","Control",3,8,17,6,"L","17-Oct-18",8,5,0.0667,0.192265470399695,1,7,0,5.8,3
"481",481,"HECO","ARTR","Feedback",3,9,19,2,"L","16-Oct-18",9,4,0.0378,1.83783170235003,1,1,0,4.6,5
"482",482,"HECO","ARTR","Exclusion",3,9,19,2,"L","16-Oct-18",8,4,0.0039,0.0706858347057703,1,1,0,1.1,4
"483",483,"HECO","ARTR","Control",3,9,19,2,"L","16-Oct-18",8,3,0.0207,1.52398659625641,1,0,0,3.3,5
"484",484,"HECO","HECO","Feedback",3,9,19,2,"L","18-Oct-18",11,3,0.0419,0.00785398163397448,1,3,0,16.4,8
"485",485,"HECO","HECO","Exclusion",3,9,19,2,"L","18-Oct-18",14,5,0.0454,0.00785398163397448,1,3,0,17.3,9
"486",486,"HECO","HECO","Control",3,9,19,2,"L","18-Oct-18",12,3,NA,NA,0,4,0,NA,9
"487",487,"HECO","PSSP","Feedback",3,9,19,2,"L","18-Oct-18",12,4,0.092,0.0318871654339364,1,5,0,15.1,8
"488",488,"HECO","PSSP","Exclusion",3,9,19,2,"L","18-Oct-18",17,8,0.3225,0.0735132680940012,1,7,0,29,9
"489",489,"HECO","PSSP","Control",3,9,19,2,"L","18-Oct-18",14,5,0.0689,0.0201061929829747,1,8,0,22.4,9
"490",490,"HECO","POSE","Feedback",3,9,19,2,"L","17-Oct-18",13,7,0.0774,0.244730067714645,1,4,0,4.5,6
"491",491,"HECO","POSE","Exclusion",3,9,19,2,"L","17-Oct-18",13,7,0.4221,1.23362489524837,1,6,0,8.7,6
"492",492,"HECO","POSE","Control",3,9,19,2,"L","17-Oct-18",13,7,0.0718,0.293738913110646,1,8,0,4.9,6
"493",493,"HECO","ARTR","Feedback",3,10,20,5,"L","16-Oct-18",20,5,0.0309,1.60943791643405,1,3,0,3.7,15
"494",494,"HECO","ARTR","Exclusion",3,10,20,5,"L","16-Oct-18",19,5,0.0167,0.925041956849515,1,0,0,2.4,14
"495",495,"HECO","ARTR","Control",3,10,20,5,"L","16-Oct-18",14,4,0.0684,6.19655588975685,1,0,0,4,10
"496",496,"HECO","HECO","Feedback",3,10,20,5,"L","18-Oct-18",11,3,0.037,0.0254469004940773,1,4,0,14.5,8
"497",497,"HECO","HECO","Exclusion",3,10,20,5,"L","18-Oct-18",11,5,0.1225,0.0329867228626928,1,1,0,18.3,6
"498",498,"HECO","HECO","Control",3,10,20,5,"L","18-Oct-18",8,3,0.019,0.00196349540849362,1,5,0,11.9,5
"499",499,"HECO","PSSP","Feedback",3,10,20,5,"L","18-Oct-18",11,4,0.1326,0.0325154839646544,1,8,0,23.7,7
"500",500,"HECO","PSSP","Exclusion",3,10,20,5,"L","18-Oct-18",12,5,0.4639,0.432597308399315,1,10,0,24.5,7
"501",501,"HECO","PSSP","Control",3,10,20,5,"L","18-Oct-18",10,3,0.0744,0.00950331777710912,1,8,0,20.9,7
"502",502,"HECO","POSE","Feedback",3,10,20,5,"L","17-Oct-18",15,6,0.0431,0.103672557568463,1,4,0,5.9,9
"503",503,"HECO","POSE","Exclusion",3,10,20,5,"L","17-Oct-18",18,5,0.3199,0.479878277835841,1,5,0,6.5,13
"504",504,"HECO","POSE","Control",3,10,20,5,"L","17-Oct-18",14,3,0.1809,0.373221207246467,1,6,0,5.3,11
"505",505,"ARTR","ARTR","Feedback",3,9,22,3,"R","16-Oct-18",37,0,NA,NA,0,2,0,NA,37
"506",506,"ARTR","ARTR","Exclusion",3,9,22,3,"R","16-Oct-18",39,0,0.0025,0.259181393921158,1,2,0,1.5,39
"507",507,"ARTR","ARTR","Control",3,9,22,3,"R","16-Oct-18",39,0,0.0104,0.799928029420301,1,2,0,1.7,39
"508",508,"ARTR","HECO","Feedback",3,9,22,3,"R","18-Oct-18",37,0,0.005,0.00950331777710912,1,1,0,5.3,37
"509",509,"ARTR","HECO","Exclusion",3,9,22,3,"R","18-Oct-18",32,0,0.0349,0.0254469004940773,1,1,0,14.7,32
"510",510,"ARTR","HECO","Control",3,9,22,3,"R","18-Oct-18",30,0,0.014,0.00502654824574367,1,1,0,8.6,30
"511",511,"ARTR","PSSP","Feedback",3,9,22,3,"R","18-Oct-18",36,0,0.0122,0.00282743338823081,1,5,0,12,36
"512",512,"ARTR","PSSP","Exclusion",3,9,22,3,"R","18-Oct-18",26,0,0.1068,0.0183783170235003,1,5,0,27.7,26
"513",513,"ARTR","PSSP","Control",3,9,22,3,"R","18-Oct-18",26,0,0.0596,0.00502654824574367,1,5,0,19.8,26
"514",514,"ARTR","POSE","Feedback",3,9,22,3,"R","17-Oct-18",36,0,0.0155,0.00950331777710912,1,6,0,5.3,36
"515",515,"ARTR","POSE","Exclusion",3,9,22,3,"R","17-Oct-18",38,0,0.0962,0.185039807296439,0,6,0,5.5,38
"516",516,"ARTR","POSE","Control",3,9,22,3,"R","17-Oct-18",34,0,0.033,0.0993528676697772,1,4,0,4.3,34
"517",517,"BARE","ARTR","Feedback",3,9,22,5,"R","16-Oct-18",NA,NA,0.0258,1.11715034761653,1,1,0,2.7,NA
"518",518,"BARE","ARTR","Exclusion",3,9,22,5,"R","16-Oct-18",NA,NA,0.0564,1.8786724068467,1,0,0,3.7,NA
"519",519,"BARE","ARTR","Control",3,9,22,5,"R","16-Oct-18",NA,NA,0.0238,1.09720123426624,1,1,0,2.8,NA
"520",520,"BARE","HECO","Feedback",3,9,22,5,"R","18-Oct-18",NA,NA,NA,NA,0,0,0,NA,NA
"521",521,"BARE","HECO","Exclusion",3,9,22,5,"R","18-Oct-18",NA,NA,0.028,0.00863937979737193,1,1,0,8.1,NA
"522",522,"BARE","HECO","Control",3,9,22,5,"R","18-Oct-18",NA,NA,0.0131,0.00785398163397448,1,1,0,4.9,NA
"523",523,"BARE","PSSP","Feedback",3,9,22,5,"R","18-Oct-18",NA,NA,0.0371,0.0106028752058656,1,3,0,12.6,NA
"524",524,"BARE","PSSP","Exclusion",3,9,22,5,"R","18-Oct-18",NA,NA,0.1512,0.0302378292908018,1,3,0,17.8,NA
"525",525,"BARE","PSSP","Control",3,9,22,5,"R","18-Oct-18",NA,NA,0.0819,0.0577267650097124,1,5,0,14.8,NA
"526",526,"BARE","POSE","Feedback",3,9,22,5,"R","17-Oct-18",NA,NA,0.0251,0.162891579088631,1,4,0,3.5,NA
"527",527,"BARE","POSE","Exclusion",3,9,22,5,"R","17-Oct-18",NA,NA,0.057,0.214884937505542,1,2,0,4.3,NA
"528",528,"BARE","POSE","Control",3,9,22,5,"R","17-Oct-18",NA,NA,0.0441,0.123700210735098,1,2,0,2.8,NA
"529",529,"PSSP","ARTR","Feedback",3,9,22.3,1.5,"R","16-Oct-18",14,6,NA,NA,0,1,0,NA,8
"530",530,"PSSP","ARTR","Exclusion",3,9,22.3,1.5,"R","16-Oct-18",15,6,0.0014,0.0855298599939821,1,1,0,0.8,9
"531",531,"PSSP","ARTR","Control",3,9,22.3,1.5,"R","16-Oct-18",17,7,0.0183,2.21474428096446,1,2,0,2.1,10
"532",532,"PSSP","HECO","Feedback",3,9,22.3,1.5,"R","18-Oct-18",16,7,0.0487,0.0113097335529233,1,3,0,9,9
"533",533,"PSSP","HECO","Exclusion",3,9,22.3,1.5,"R","18-Oct-18",14,6,0.0772,0.0400553063332699,1,2,0,10.3,8
"534",534,"PSSP","HECO","Control",3,9,22.3,1.5,"R","18-Oct-18",15,8,NA,NA,0,0,0,NA,7
"535",535,"PSSP","PSSP","Feedback",3,9,22.3,1.5,"R","18-Oct-18",16,5,0.1164,0.0208915911463721,1,6,0,21.8,11
"536",536,"PSSP","PSSP","Exclusion",3,9,22.3,1.5,"R","18-Oct-18",19,10,0.39,0.228079626650619,1,9,0,26.2,9
"537",537,"PSSP","PSSP","Control",3,9,22.3,1.5,"R","18-Oct-18",19,11,0.0671,0.0226194671058465,1,2,0,19.4,8
"538",538,"PSSP","POSE","Feedback",3,9,22.3,1.5,"R","17-Oct-18",19,5,0.0663,0.33536501577071,1,3,0,3.6,14
"539",539,"PSSP","POSE","Exclusion",3,9,22.3,1.5,"R","17-Oct-18",19,6,0.1054,0.391442444637288,1,6,0,7.4,13
"540",540,"PSSP","POSE","Control",3,9,22.3,1.5,"R","17-Oct-18",18,5,0.0366,0.145691359310227,1,5,0,6,13
"541",541,"POSE","ARTR","Feedback",3,9,24,0.5,"L","16-Oct-18",8,4,0.047,1.46209722098069,1,4,0,2.7,4
"542",542,"POSE","ARTR","Exclusion",3,9,24,0.5,"L","16-Oct-18",8,5,0.0944,3.99304280252897,1,1,0,4.1,3
"543",543,"POSE","ARTR","Control",3,9,24,0.5,"L","16-Oct-18",13,10,0.0503,1.94935824155247,1,0,0,3,3
"544",544,"POSE","HECO","Feedback",3,9,24,0.5,"L","18-Oct-18",13,5,NA,NA,0,NA,0,NA,8
"545",545,"POSE","HECO","Exclusion",3,9,24,0.5,"L","18-Oct-18",13,3,NA,NA,0,NA,0,NA,10
"546",546,"POSE","HECO","Control",3,9,24,0.5,"L","18-Oct-18",12,3,NA,NA,0,NA,0,NA,9
"547",547,"POSE","PSSP","Feedback",3,9,24.5,1,"L","18-Oct-18",13,5,0.0631,0.00785398163397448,1,8,0,13.7,8
"548",548,"POSE","PSSP","Exclusion",3,9,24.5,1,"L","18-Oct-18",12,7,0.3254,0.145769899126566,1,5,0,22.3,5
"549",549,"POSE","PSSP","Control",3,9,24.5,1,"L","18-Oct-18",17,10,0.0565,0.00785398163397448,1,3,0,22.6,7
"550",550,"POSE","POSE","Feedback",3,9,24.5,1,"L","17-Oct-18",11,5,0.02,0.0226980069221863,1,3,0,6.8,6
"551",551,"POSE","POSE","Exclusion",3,9,24.5,1,"L","17-Oct-18",14,9,0.0366,0.103672557568463,1,6,0,5,5
"552",552,"POSE","POSE","Control",3,9,24.5,1,"L","17-Oct-18",13,10,0.0089,0.0038484510006475,0,2,0,6.1,3
"553",553,"BARE","ARTR","Feedback",3,10,27,2,"R","16-Oct-18",NA,NA,0.1139,3.31626520512939,1,1,0,5.1,NA
"554",554,"BARE","ARTR","Exclusion",3,10,27,2,"R","16-Oct-18",NA,NA,0.0471,2.2462387473167,1,0,0,3.2,NA
"555",555,"BARE","ARTR","Control",3,10,27,2,"R","16-Oct-18",NA,NA,0.015,0.38460948061573,1,0,0,1.6,NA
"556",556,"BARE","HECO","Feedback",3,10,27,2,"R","18-Oct-18",NA,NA,0.0608,0.0878075146678347,1,3,0,6.4,NA
"557",557,"BARE","HECO","Exclusion",3,10,27,2,"R","18-Oct-18",NA,NA,0.1205,0.177657064560503,1,1,0,8.5,NA
"558",558,"BARE","HECO","Control",3,10,27,2,"R","18-Oct-18",NA,NA,NA,NA,0,0,0,NA,NA
"559",559,"BARE","PSSP","Feedback",3,10,27,2,"R","18-Oct-18",NA,NA,0.1183,0.0120951317163207,1,5,0,22.9,NA
"560",560,"BARE","PSSP","Exclusion",3,10,27,2,"R","18-Oct-18",NA,NA,0.2145,0.208287592933003,1,4,0,21.6,NA
"561",561,"BARE","PSSP","Control",3,10,27,2,"R","18-Oct-18",NA,NA,0.1148,0.0459457925587507,1,3,0,20.4,NA
"562",562,"BARE","POSE","Feedback",3,10,27,2,"R","17-Oct-18",NA,NA,0.1031,0.414690230273853,1,5,0,4.5,NA
"563",563,"BARE","POSE","Exclusion",3,10,27,2,"R","17-Oct-18",NA,NA,0.1753,0.33552209540339,1,3,0,5.2,NA
"564",564,"BARE","POSE","Control",3,10,27,2,"R","17-Oct-18",NA,NA,0.1118,0.250699093756465,1,4,0,4.3,NA
"565",565,"PSSP","ARTR","Feedback",3,10,30,1,"L","16-Oct-18",14,5,0.0627,4.57973523058686,1,0,0,3.8,9
"566",566,"PSSP","ARTR","Exclusion",3,10,30,1,"L","16-Oct-18",14,4,0.2796,19.4351487921679,1,0,0,8.6,10
"567",567,"PSSP","ARTR","Control",3,10,30,1,"L","16-Oct-18",16,8,0.0797,4.26777508008539,1,0,0,5.2,8
"568",568,"PSSP","HECO","Feedback",3,10,30,1,"L","18-Oct-18",13,6,0.0885,0.0215984494934298,1,3,0,13.7,7
"569",569,"PSSP","HECO","Exclusion",3,10,30,1,"L","18-Oct-18",9,2,0.1872,0.080346232115559,1,2,0,16.4,7
"570",570,"PSSP","HECO","Control",3,10,30,1,"L","18-Oct-18",11,4,0.0151,0.0038484510006475,1,2,0,9.2,7
"571",571,"PSSP","PSSP","Feedback",3,10,30,1,"L","18-Oct-18",13,6,0.061,0.0388772090881737,1,3,0,8.9,7
"572",572,"PSSP","PSSP","Exclusion",3,10,30,1,"L","18-Oct-18",16,5,0.3805,0.299315240070768,1,4,0,24.3,11
"573",573,"PSSP","PSSP","Control",3,10,30,1,"L","18-Oct-18",17,5,0.0576,0.00502654824574367,1,4,0,22.9,12
"574",574,"PSSP","POSE","Feedback",3,10,30,1,"L","17-Oct-18",15,3,0.1891,0.174358392274234,1,6,0,13.3,12
"575",575,"PSSP","POSE","Exclusion",3,10,30,1,"L","17-Oct-18",11,4,0.2995,0.349737802160884,1,6,0,14.4,7
"576",576,"PSSP","POSE","Control",3,10,30,1,"L","17-Oct-18",7,3,0.08,0.417282044213064,1,4,0,4.3,4
"577",577,"ARTR","ARTR","Feedback",3,10,34,4,"L","16-Oct-18",45,0,0.0323,3.40611475502205,1,1,0,3.9,45
"578",578,"ARTR","ARTR","Exclusion",3,10,34,4,"L","16-Oct-18",36,0,0.0666,12.3994735046372,1,1,0,4.6,36
"579",579,"ARTR","ARTR","Control",3,10,34,4,"L","16-Oct-18",34,0,NA,NA,0,0,0,NA,34
"580",580,"ARTR","HECO","Feedback",3,10,34,4,"L","18-Oct-18",36,0,0.0172,0.00502654824574367,1,1,0,12.1,36
"581",581,"ARTR","HECO","Exclusion",3,10,34,4,"L","18-Oct-18",35,0,0.0248,0.0038484510006475,1,1,0,11.7,35
"582",582,"ARTR","HECO","Control",3,10,34,4,"L","18-Oct-18",30,0,NA,NA,0,0,0,NA,30
"583",583,"ARTR","PSSP","Feedback",3,10,34,4,"L","18-Oct-18",40,0,0.0712,0.0201061929829747,1,2,0,25.1,40
"584",584,"ARTR","PSSP","Exclusion",3,10,34,4,"L","18-Oct-18",31,0,0.1987,0.0251327412287183,1,3,0,31.6,31
"585",585,"ARTR","PSSP","Control",3,10,34,4,"L","18-Oct-18",33,0,0.0362,0.0038484510006475,1,2,0,23,33
"586",586,"ARTR","POSE","Feedback",3,10,34,4,"L","17-Oct-18",34,0,0.0548,0.116631627264521,1,5,0,5.9,34
"587",587,"ARTR","POSE","Exclusion",3,10,34,4,"L","17-Oct-18",37,0,0.2042,0.38170350741116,1,2,1,8.8,37
"588",588,"ARTR","POSE","Control",3,10,34,4,"L","17-Oct-18",39,0,0.0774,0.195092903787926,1,0,0,10.1,39
"589",589,"POSE","ARTR","Feedback",3,10,34,0,"","16-Oct-18",11,5,0.0296,0.693663657912626,1,2,0,2.1,6
"590",590,"POSE","ARTR","Exclusion",3,10,34,0,"","16-Oct-18",9,4,0.0727,3.05716235102457,1,0,0,2.7,5
"591",591,"POSE","ARTR","Control",3,10,34,0,"","16-Oct-18",8,1,0.0203,1.13599990353807,1,1,0,2.4,7
"592",592,"POSE","HECO","Feedback",3,10,34,0,"","18-Oct-18",8,4,0.0338,0.0254469004940773,1,4,0,8.2,4
"593",593,"POSE","HECO","Exclusion",3,10,34,0,"","18-Oct-18",5,3,0.0679,0.0827024266057513,1,1,0,7,2
"594",594,"POSE","HECO","Control",3,10,34,0,"","18-Oct-18",10,5,0.0164,0.00785398163397448,1,4,0,6.5,5
"595",595,"POSE","PSSP","Feedback",3,10,34,0,"","18-Oct-18",9,5,0.0526,0.00785398163397448,1,4,0,16.2,4
"596",596,"POSE","PSSP","Exclusion",3,10,34,0,"","18-Oct-18",6,4,0.0908,0.0534070751110265,1,3,0,13.9,2
"597",597,"POSE","PSSP","Control",3,10,34,0,"","18-Oct-18",4,2,0.0895,0.0038484510006475,1,6,0,21,2
"598",598,"POSE","POSE","Feedback",3,10,34,0,"","17-Oct-18",6,2,0.0593,0.232477856365645,1,2,0,4.4,4
"599",599,"POSE","POSE","Exclusion",3,10,34,0,"","17-Oct-18",5,3,0.1177,0.248814138164312,1,4,1,3.9,2
"600",600,"POSE","POSE","Control",3,10,34,0,"","17-Oct-18",10,6,0.0472,0.087414815586136,0,2,0,3.9,4
